SeasonEpisode,Baker,Star Baker,Did well,Safe,At risk,Eliminated,Absent,Handshake
s10e1,Steph,0,1,0,0,0,0,0
s10e1,Priya,0,0,1,0,0,0,0
s10e1,DavidA,0,0,1,0,0,0,0
s10e1,Alice,0,0,1,0,0,0,0
s10e1,Jamie,0,0,0,1,0,0,0
s10e1,Helena,0,0,1,0,0,0,0
s10e1,DanC,0,0,0,0,1,0,0
s10e1,Henry,0,0,1,0,0,0,0
s10e1,MichaelC,0,0,1,0,0,0,0
s10e1,Rosie,0,0,1,0,0,0,0
s10e1,Michelle,1,0,0,0,0,0,0
s10e1,Phil,0,0,1,0,0,0,0
s10e1,Amelia,0,0,1,0,0,0,0
s10e2,MichaelC,0,0,1,0,0,0,0
s10e2,Alice,1,0,0,0,0,0,0
s10e2,Priya,0,0,1,0,0,0,0
s10e2,Jamie,0,0,0,0,1,0,0
s10e2,Amelia,0,0,0,1,0,0,0
s10e2,Rosie,0,1,0,0,0,0,0
s10e2,Steph,0,0,1,0,0,0,0
s10e2,Phil,0,0,1,0,0,0,0
s10e2,Henry,0,0,1,0,0,0,0
s10e2,DavidA,0,1,0,0,0,0,0
s10e2,Michelle,0,0,1,0,0,0,0
s10e2,Helena,0,0,1,0,0,0,0
s10e3,DavidA,0,0,1,0,0,0,0
s10e3,Priya,0,0,1,0,0,0,0
s10e3,Michelle,0,0,1,0,0,0,0
s10e3,Amelia,0,0,0,0,1,0,0
s10e3,Helena,0,0,1,0,0,0,0
s10e3,MichaelC,1,0,0,0,0,0,1
s10e3,Rosie,0,0,1,0,0,0,0
s10e3,Henry,0,0,0,1,0,0,0
s10e3,Steph,0,1,0,0,0,0,0
s10e3,Alice,0,0,0,1,0,0,0
s10e3,Phil,0,0,1,0,0,0,0
s10e4,DavidA,0,1,0,0,0,0,0
s10e4,MichaelC,0,0,0,1,0,0,0
s10e4,Henry,0,0,1,0,0,0,0
s10e4,Helena,0,0,1,0,0,0,0
s10e4,Steph,1,0,0,0,0,0,0
s10e4,Michelle,0,0,1,0,0,0,0
s10e4,Rosie,0,0,1,0,0,0,0
s10e4,Alice,0,0,1,0,0,0,0
s10e4,Phil,0,0,0,0,1,0,0
s10e4,Priya,0,0,0,1,0,0,0
s10e5,MichaelC,0,0,1,0,0,0,0
s10e5,Helena,0,0,0,0,1,0,0
s10e5,Alice,0,0,1,0,0,0,0
s10e5,DavidA,0,1,0,0,0,0,1
s10e5,Steph,1,0,0,0,0,0,0
s10e5,Michelle,0,0,0,0,1,0,0
s10e5,Henry,0,1,0,0,0,0,0
s10e5,Priya,0,0,0,1,0,0,0
s10e5,Rosie,0,0,0,1,0,0,0
s10e6,MichaelC,0,0,0,1,0,0,0
s10e6,Rosie,0,0,0,1,0,0,0
s10e6,Henry,0,0,0,1,0,0,0
s10e6,Priya,0,0,0,0,1,0,0
s10e6,Alice,0,1,0,0,0,0,0
s10e6,DavidA,0,0,1,0,0,0,0
s10e6,Steph,1,0,0,0,0,0,0
s10e7,DavidA,0,1,0,0,0,0,0
s10e7,Steph,0,1,0,0,0,0,1
s10e7,Rosie,0,0,0,1,0,0,0
s10e7,Henry,1,0,0,0,0,0,1
s10e7,MichaelC,0,0,0,0,1,0,0
s10e7,Alice,0,0,1,0,0,0,0
s10e8,Henry,0,0,0,0,1,0,0
s10e8,Rosie,0,0,0,1,0,0,0
s10e8,Alice,0,0,1,0,0,0,0
s10e8,Steph,1,0,0,0,0,0,0
s10e8,DavidA,0,1,0,0,0,0,0
s10e9,Alice,1,0,0,0,0,0,0
s10e9,Rosie,0,0,0,0,1,0,0
s10e9,Steph,0,1,0,0,0,0,0
s10e9,DavidA,0,0,0,1,0,0,0
s11e1,Sura,0,1,0,0,0,0,0
s11e1,Linda,0,0,0,1,0,0,0
s11e1,Dave,0,0,1,0,0,0,0
s11e1,RowanW,0,0,1,0,0,0,0
s11e1,Hermine,0,1,0,0,0,0,0
s11e1,Lottie,0,0,1,0,0,0,0
s11e1,PeterS,1,0,0,0,0,0,0
s11e1,Marc,0,0,0,1,0,0,0
s11e1,Laura,0,0,1,0,0,0,0
s11e1,Loriea,0,0,0,0,1,0,0
s11e1,Mak,0,0,1,0,0,0,0
s11e1,MarkL,0,0,1,0,0,0,0
s11e2,Sura,0,0,1,0,0,0,0
s11e2,RowanW,0,0,0,1,0,0,0
s11e2,PeterS,0,0,1,0,0,0,0
s11e2,MarkL,0,1,0,0,0,0,0
s11e2,Laura,0,0,1,0,0,0,0
s11e2,Lottie,0,0,1,0,0,0,1
s11e2,Marc,0,1,0,0,0,0,0
s11e2,Linda,0,0,1,0,0,0,0
s11e2,Mak,0,0,0,0,1,0,0
s11e2,Dave,1,0,0,0,0,0,0
s11e2,Hermine,0,0,1,0,0,0,0
s11e3,Marc,1,0,0,0,0,0,0
s11e3,Linda,0,0,1,0,0,0,0
s11e3,RowanW,0,0,0,0,1,0,0
s11e3,PeterS,0,0,0,1,0,0,0
s11e3,Dave,0,0,0,1,0,0,0
s11e3,Sura,0,1,0,0,0,0,0
s11e3,Hermine,0,0,1,0,0,0,1
s11e3,MarkL,0,0,1,0,0,0,0
s11e3,Lottie,0,0,1,0,0,0,0
s11e3,Laura,0,0,1,0,0,0,0
s11e4,Hermine,0,0,1,0,0,0,0
s11e4,Lottie,0,0,0,1,0,0,0
s11e4,Marc,0,0,1,0,0,0,0
s11e4,Dave,0,0,1,0,0,0,0
s11e4,Sura,0,0,0,0,1,0,0
s11e4,Linda,0,0,1,0,0,0,0
s11e4,Laura,0,0,1,0,0,0,0
s11e4,MarkL,1,0,0,0,0,0,0
s11e4,PeterS,0,1,0,0,0,0,0
s11e5,Hermine,0,1,0,0,0,0,0
s11e5,Lottie,0,0,1,0,0,0,0
s11e5,Linda,0,0,0,0,1,0,0
s11e5,Dave,0,1,0,0,0,0,0
s11e5,Laura,1,0,0,0,0,0,0
s11e5,Marc,0,0,0,1,0,0,0
s11e5,MarkL,0,0,0,1,0,0,0
s11e5,PeterS,0,1,0,0,0,0,0
s11e6,Dave,0,1,0,0,0,0,0
s11e6,Laura,0,0,0,1,0,0,0
s11e6,MarkL,0,0,0,0,1,0,0
s11e6,Hermine,0,0,0,1,0,0,0
s11e6,PeterS,0,0,1,0,0,0,0
s11e6,Lottie,1,0,0,0,0,0,0
s11e6,Marc,0,1,0,0,0,0,0
s11e7,Laura,0,0,0,1,0,0,0
s11e7,Lottie,0,0,0,0,1,0,0
s11e7,Dave,0,0,1,0,0,0,0
s11e7,Hermine,1,0,0,0,0,0,0
s11e7,PeterS,0,0,1,0,0,0,1
s11e7,Marc,0,1,0,0,0,0,0
s11e8,Hermine,1,0,0,0,0,0,0
s11e8,PeterS,0,0,0,1,0,0,0
s11e8,Laura,0,1,0,0,0,0,0
s11e8,Marc,0,0,0,0,1,0,0
s11e8,Dave,0,0,1,0,0,0,0
s11e9,PeterS,1,0,0,0,0,0,0
s11e9,Laura,0,0,0,1,0,0,0
s11e9,Hermine,0,0,0,0,1,0,0
s11e9,Dave,0,1,0,0,0,0,0
s12e1,Maggie,0,0,1,0,0,0,0
s12e1,Crystelle,0,1,0,0,0,0,0
s12e1,George,0,0,0,1,0,0,0
s12e1,TomF,0,0,0,0,1,0,0
s12e1,Chigs,0,0,1,0,0,0,0
s12e1,Lizzie,0,0,1,0,0,0,0
s12e1,Giuseppe,0,1,0,0,0,0,0
s12e1,Amanda,0,0,0,1,0,0,0
s12e1,Jairzeno,0,0,0,1,0,0,0
s12e1,Jürgen,1,0,0,0,0,0,0
s12e1,Freya,0,0,1,0,0,0,0
s12e1,Rochica,0,0,1,0,0,0,0
s12e2,Lizzie,0,0,1,0,0,0,0
s12e2,Rochica,0,0,1,0,0,0,0
s12e2,Jairzeno,0,0,0,0,1,0,0
s12e2,George,0,1,0,0,0,0,0
s12e2,Maggie,0,0,0,1,0,0,0
s12e2,Chigs,0,1,0,0,0,0,0
s12e2,Giuseppe,0,1,0,0,0,0,0
s12e2,Crystelle,0,0,1,0,0,0,0
s12e2,Jürgen,1,0,0,0,0,0,0
s12e2,Freya,0,0,1,0,0,0,0
s12e2,Amanda,0,0,0,1,0,0,0
s12e3,Freya,0,1,0,0,0,0,0
s12e3,Giuseppe,1,0,0,0,0,0,1
s12e3,Lizzie,0,1,0,0,0,0,0
s12e3,Rochica,0,0,0,0,1,0,0
s12e3,Jürgen,0,0,1,0,0,0,0
s12e3,Amanda,0,0,1,0,0,0,0
s12e3,Crystelle,0,0,1,0,0,0,0
s12e3,Chigs,0,0,1,0,0,0,0
s12e3,George,0,0,1,0,0,0,0
s12e3,Maggie,0,0,0,1,0,0,0
s12e4,Crystelle,0,0,1,0,0,0,0
s12e4,Lizzie,0,0,1,0,0,0,0
s12e4,Freya,0,0,0,1,0,0,0
s12e4,Chigs,1,0,0,0,0,0,1
s12e4,George,0,0,1,0,0,0,0
s12e4,Jürgen,0,1,0,0,0,0,0
s12e4,Maggie,0,0,0,0,1,0,0
s12e4,Giuseppe,0,1,0,0,0,0,0
s12e4,Amanda,0,0,0,1,0,0,0
s12e5,Crystelle,0,0,1,0,0,0,0
s12e5,Giuseppe,1,0,0,0,0,0,0
s12e5,George,0,0,0,1,0,0,0
s12e5,Amanda,0,0,1,0,0,0,0
s12e5,Chigs,0,0,1,0,0,0,0
s12e5,Lizzie,0,0,1,0,0,0,0
s12e5,Freya,0,0,0,0,1,0,0
s12e5,Jürgen,0,1,0,0,0,0,1
s12e6,Jürgen,0,0,1,0,0,0,0
s12e6,George,0,0,0,1,0,0,0
s12e6,Giuseppe,0,1,0,0,0,0,0
s12e6,Lizzie,0,0,1,0,0,0,0
s12e6,Crystelle,1,0,0,0,0,0,1
s12e6,Chigs,0,0,1,0,0,0,0
s12e6,Amanda,0,0,0,0,1,0,0
s12e7,Jürgen,1,0,0,0,0,0,0
s12e7,George,0,0,0,0,1,0,0
s12e7,Crystelle,0,1,0,0,0,0,0
s12e7,Lizzie,0,0,0,1,0,0,0
s12e7,Chigs,0,1,0,0,0,0,0
s12e7,Giuseppe,0,1,0,0,0,0,0
s12e8,Lizzie,0,0,0,0,1,0,0
s12e8,Jürgen,0,1,0,0,0,0,0
s12e8,Giuseppe,0,0,1,0,0,0,0
s12e8,Chigs,1,0,0,0,0,0,0
s12e8,Crystelle,0,0,0,1,0,0,0
s12e9,Giuseppe,0,0,0,1,0,0,1
s12e9,Crystelle,1,0,0,0,0,0,1
s12e9,Chigs,0,1,0,0,0,0,1
s12e9,Jürgen,0,0,0,0,1,0,0
s13e1,Abdul,0,0,1,0,0,0,0
s13e1,JamesD,0,0,1,0,0,0,0
s13e1,Syabira,0,1,0,0,0,0,0
s13e1,Will,0,0,0,0,1,0,0
s13e1,Maxy,0,0,1,0,0,0,0
s13e1,Janusz,1,0,0,0,0,0,0
s13e1,Carole,0,0,1,0,0,0,0
s13e1,Kevin,0,0,1,0,0,0,0
s13e1,Maisam,0,0,0,1,0,0,0
s13e1,Dawn,0,0,1,0,0,0,0
s13e1,Rebs,0,0,0,1,0,0,0
s13e1,Sandro,0,1,0,0,0,0,0
s13e2,Carole,0,0,0,1,0,0,0
s13e2,Maisam,0,0,0,0,1,0,0
s13e2,Dawn,0,0,1,0,0,0,1
s13e2,JamesD,0,1,0,0,0,0,0
s13e2,Janusz,0,0,1,0,0,0,0
s13e2,Kevin,0,0,1,0,0,0,0
s13e2,Sandro,0,0,1,0,0,0,0
s13e2,Maxy,1,0,0,0,0,0,1
s13e2,Abdul,0,0,1,0,0,0,0
s13e2,Rebs,0,0,0,1,0,0,0
s13e2,Syabira,0,1,0,0,0,0,0
s13e3,Abdul,0,0,0,0,0,1,0
s13e3,Syabira,0,1,0,0,0,0,0
s13e3,Janusz,1,0,0,0,0,0,0
s13e3,Sandro,0,1,0,0,0,0,0
s13e3,Maxy,0,0,1,0,0,0,0
s13e3,Kevin,0,0,0,1,0,0,0
s13e3,Rebs,0,0,0,0,0,1,0
s13e3,Carole,0,0,0,1,0,0,0
s13e3,JamesD,0,0,1,0,0,0,0
s13e3,Dawn,0,0,0,1,0,0,0
s13e4,JamesD,0,0,0,0,1,0,0
s13e4,Syabira,0,0,1,0,0,0,0
s13e4,Kevin,0,0,1,0,0,0,0
s13e4,Abdul,0,0,1,0,0,0,0
s13e4,Carole,0,0,0,1,0,0,0
s13e4,Janusz,0,1,0,0,0,0,0
s13e4,Maxy,1,0,0,0,0,0,0
s13e4,Rebs,0,0,0,0,1,0,0
s13e4,Sandro,0,1,0,0,0,0,0
s13e4,Dawn,0,1,0,0,0,0,0
s13e5,Dawn,0,0,0,1,0,0,0
s13e5,Syabira,0,0,0,1,0,0,0
s13e5,Kevin,0,0,1,0,0,0,0
s13e5,Maxy,0,0,1,0,0,0,0
s13e5,Carole,0,0,0,0,1,0,0
s13e5,Janusz,0,1,0,0,0,0,0
s13e5,Sandro,1,0,0,0,0,0,0
s13e5,Abdul,0,0,1,0,0,0,0
s13e6,Dawn,0,0,0,0,1,0,0
s13e6,Janusz,0,0,1,0,0,0,0
s13e6,Maxy,0,0,1,0,0,0,1
s13e6,Abdul,0,0,1,0,0,0,0
s13e6,Syabira,1,0,0,0,0,0,1
s13e6,Sandro,0,0,1,0,0,0,0
s13e6,Kevin,0,0,0,1,0,0,0
s13e7,Kevin,0,0,0,0,1,0,0
s13e7,Syabira,1,0,0,0,0,0,0
s13e7,Maxy,0,0,1,0,0,0,0
s13e7,Sandro,0,1,0,0,0,0,0
s13e7,Janusz,0,0,0,1,0,0,0
s13e7,Abdul,0,0,1,0,0,0,0
s13e8,Maxy,0,0,0,0,1,0,0
s13e8,Sandro,0,0,0,1,0,0,0
s13e8,Abdul,0,1,0,0,0,0,0
s13e8,Syabira,1,0,0,0,0,0,0
s13e8,Janusz,0,0,1,0,0,0,0
s13e9,Janusz,0,0,0,0,1,0,0
s13e9,Syabira,0,1,0,0,0,0,0
s13e9,Abdul,1,0,0,0,0,0,0
s13e9,Sandro,0,0,0,1,0,0,0
s14e1,Abbi,0,1,0,0,0,0,0
s14e1,Amos,0,0,0,0,1,0,0
s14e1,Saku,0,0,1,0,0,0,0
s14e1,Josh,0,0,1,0,0,0,0
s14e1,Nicky,0,0,0,1,0,0,0
s14e1,Cristy,0,1,0,0,0,0,0
s14e1,RowanC,0,0,1,0,0,0,0
s14e1,Tasha,0,0,1,0,0,0,0
s14e1,KeithB,0,0,1,0,0,0,0
s14e1,Matty,0,0,1,0,0,0,0
s14e1,DanH,1,0,0,0,0,0,0
s14e1,Dana,0,0,0,1,0,0,0
s14e2,Dana,0,0,1,0,0,0,0
s14e2,Matty,0,0,1,0,0,0,0
s14e2,Nicky,0,0,0,1,0,0,0
s14e2,Josh,0,1,0,0,0,0,1
s14e2,Tasha,1,0,0,0,0,0,1
s14e2,DanH,0,0,1,0,0,0,0
s14e2,Abbi,0,0,1,0,0,0,0
s14e2,KeithB,0,0,0,0,1,0,0
s14e2,RowanC,0,0,1,0,0,0,0
s14e2,Saku,0,0,1,0,0,0,0
s14e2,Cristy,0,0,1,0,0,0,0
s14e3,Matty,0,0,1,0,0,0,0
s14e3,RowanC,0,0,0,1,0,0,0
s14e3,Cristy,0,0,1,0,0,0,0
s14e3,Abbi,0,0,0,0,1,0,0
s14e3,Josh,0,1,0,0,0,0,0
s14e3,Saku,0,0,1,0,0,0,0
s14e3,Tasha,1,0,0,0,0,0,0
s14e3,DanH,0,0,0,1,0,0,0
s14e3,Dana,0,0,1,0,0,0,0
s14e3,Nicky,0,0,1,0,0,0,0
s14e4,DanH,0,1,0,0,0,0,0
s14e4,Cristy,0,0,0,1,0,0,0
s14e4,Tasha,0,0,0,0,0,1,0
s14e4,Nicky,0,1,0,0,0,0,0
s14e4,RowanC,0,0,1,0,0,0,0
s14e4,Dana,0,0,1,0,0,0,0
s14e4,Saku,0,0,0,1,0,0,0
s14e4,Matty,1,0,0,0,0,0,0
s14e4,Josh,0,0,1,0,0,0,0
s14e5,DanH,0,0,1,0,0,0,0
s14e5,Matty,0,0,1,0,0,0,0
s14e5,Dana,0,0,0,1,0,0,0
s14e5,Nicky,0,0,0,0,1,0,0
s14e5,Tasha,0,0,1,0,0,0,0
s14e5,RowanC,0,0,0,0,1,0,0
s14e5,Saku,0,0,0,1,0,0,0
s14e5,Josh,0,1,0,0,0,0,0
s14e5,Cristy,1,0,0,0,0,0,1
s14e6,Tasha,0,1,0,0,0,0,0
s14e6,Dana,0,0,0,0,1,0,0
s14e6,DanH,0,0,1,0,0,0,0
s14e6,Saku,0,0,0,1,0,0,0
s14e6,Josh,1,0,0,0,0,0,0
s14e6,Matty,0,0,0,1,0,0,0
s14e6,Cristy,0,1,0,0,0,0,0
s14e7,Saku,0,0,0,0,1,0,0
s14e7,DanH,1,0,0,0,0,0,0
s14e7,Josh,0,1,0,0,0,0,0
s14e7,Tasha,0,0,1,0,0,0,0
s14e7,Cristy,0,0,0,1,0,0,0
s14e7,Matty,0,0,1,0,0,0,0
s14e8,Cristy,0,0,0,0,1,0,0
s14e8,Matty,1,0,0,0,0,0,1
s14e8,Tasha,0,0,1,0,0,0,0
s14e8,Josh,0,1,0,0,0,0,0
s14e8,DanH,0,0,0,1,0,0,0
s14e9,Matty,0,0,0,1,0,0,0
s14e9,Josh,1,0,0,0,0,0,0
s14e9,DanH,0,1,0,0,0,0,1
s14e9,Tasha,0,0,0,0,1,0,0
s1e1,Jasminder,0,0,1,0,0,0,0
s1e1,Jonathan,0,0,1,0,0,0,0
s1e1,DavidC,0,0,0,1,0,0,0
s1e1,Annetha,0,1,0,0,0,0,0
s1e1,MarkW,0,0,0,0,1,0,0
s1e1,Miranda,0,1,0,0,0,0,0
s1e1,Edd,0,0,1,0,0,0,0
s1e1,Ruth,0,1,0,0,0,0,0
s1e1,LouiseB,0,0,0,1,0,0,0
s1e1,Lea,0,0,0,0,1,0,0
s1e2,Miranda,0,1,0,0,0,0,0
s1e2,Ruth,0,0,1,0,0,0,0
s1e2,Edd,0,1,0,0,0,0,0
s1e2,DavidC,0,0,0,1,0,0,0
s1e2,Jasminder,0,0,1,0,0,0,0
s1e2,LouiseB,0,0,0,0,1,0,0
s1e2,Annetha,0,0,0,0,1,0,0
s1e2,Jonathan,0,1,0,0,0,0,0
s1e3,Ruth,0,1,0,0,0,0,0
s1e3,DavidC,0,0,0,1,0,0,0
s1e3,Jonathan,0,0,0,0,1,0,0
s1e3,Miranda,0,0,1,0,0,0,0
s1e3,Jasminder,0,0,0,1,0,0,0
s1e3,Edd,0,1,0,0,0,0,0
s1e4,Edd,0,0,0,1,0,0,0
s1e4,Miranda,0,1,0,0,0,0,0
s1e4,Jasminder,0,1,0,0,0,0,0
s1e4,DavidC,0,0,0,0,1,0,0
s1e4,Ruth,0,1,0,0,0,0,0
s1e5,Miranda,0,0,0,1,0,0,0
s1e5,Jasminder,0,0,0,0,1,0,0
s1e5,Edd,0,1,0,0,0,0,0
s1e5,Ruth,0,1,0,0,0,0,0
s2e1,Yasmin,0,0,1,0,0,0,0
s2e1,Keith,0,0,0,0,1,0,0
s2e1,Mary-Anne,0,0,1,0,0,0,0
s2e1,Ben,0,0,1,0,0,0,0
s2e1,IanV,0,0,1,0,0,0,0
s2e1,Robert,0,0,0,1,0,0,0
s2e1,Simon,0,0,0,1,0,0,0
s2e1,Janet,0,0,1,0,0,0,0
s2e1,Urvashi,0,0,1,0,0,0,0
s2e1,Holly,1,0,0,0,0,0,0
s2e1,Jo,0,1,0,0,0,0,0
s2e1,Jason,0,0,1,0,0,0,0
s2e2,Robert,0,0,0,1,0,0,0
s2e2,Janet,0,0,1,0,0,0,0
s2e2,Ben,0,0,1,0,0,0,0
s2e2,Yasmin,0,0,1,0,0,0,0
s2e2,Mary-Anne,0,0,1,0,0,0,0
s2e2,Jason,1,0,0,0,0,0,0
s2e2,IanV,0,1,0,0,0,0,0
s2e2,Jo,0,0,0,1,0,0,0
s2e2,Simon,0,0,0,0,1,0,0
s2e2,Holly,0,0,1,0,0,0,0
s2e2,Urvashi,0,0,1,0,0,0,0
s2e3,Holly,0,0,1,0,0,0,0
s2e3,Urvashi,0,0,0,0,1,0,0
s2e3,IanV,0,0,0,0,1,0,0
s2e3,Jason,0,0,1,0,0,0,0
s2e3,Janet,0,0,0,1,0,0,0
s2e3,Robert,0,0,0,1,0,0,0
s2e3,Ben,0,0,1,0,0,0,0
s2e3,Jo,0,0,1,0,0,0,0
s2e3,Mary-Anne,0,1,0,0,0,0,0
s2e3,Yasmin,1,0,0,0,0,0,0
s2e4,Mary-Anne,0,1,0,0,0,0,0
s2e4,Janet,0,0,1,0,0,0,0
s2e4,Holly,1,0,0,0,0,0,0
s2e4,Yasmin,0,0,0,1,0,0,0
s2e4,Jo,0,0,1,0,0,0,0
s2e4,Jason,1,0,0,0,0,0,0
s2e4,Robert,0,0,1,0,0,0,0
s2e4,Ben,0,0,0,0,1,0,0
s2e5,Janet,1,0,0,0,0,0,0
s2e5,Jo,0,0,1,0,0,0,0
s2e5,Jason,0,0,0,0,1,0,0
s2e5,Robert,0,0,0,0,1,0,0
s2e5,Holly,0,0,1,0,0,0,0
s2e5,Mary-Anne,0,1,0,0,0,0,0
s2e5,Yasmin,0,0,0,1,0,0,0
s2e6,Yasmin,0,0,0,0,1,0,0
s2e6,Janet,0,1,0,0,0,0,0
s2e6,Mary-Anne,0,1,0,0,0,0,0
s2e6,Jo,1,0,0,0,0,0,0
s2e6,Holly,0,0,0,1,0,0,0
s2e7,Janet,0,0,0,0,1,0,0
s2e7,Jo,0,1,0,0,0,0,0
s2e7,Mary-Anne,0,0,0,1,0,0,0
s2e7,Holly,0,1,0,0,0,0,0
s3e1,John,0,0,1,0,0,0,0
s3e1,Ryan,0,0,1,0,0,0,0
s3e1,PeterM,0,0,1,0,0,0,0
s3e1,Victoria,1,0,0,0,0,0,0
s3e1,Natasha,0,0,0,0,1,0,0
s3e1,Cathryn,0,1,0,0,0,0,0
s3e1,Stuart,0,0,0,1,0,0,0
s3e1,Sarah-Jane,0,0,1,0,0,0,0
s3e1,Manisha,0,0,1,0,0,0,0
s3e1,JamesM,0,0,1,0,0,0,0
s3e1,Brendan,0,0,1,0,0,0,0
s3e1,Danny,0,0,1,0,0,0,0
s3e2,Ryan,0,0,1,0,0,0,0
s3e2,Manisha,0,0,1,0,0,0,0
s3e2,JamesM,0,1,0,0,0,0,0
s3e2,Danny,0,0,1,0,0,0,0
s3e2,Stuart,0,0,0,1,0,0,0
s3e2,Sarah-Jane,0,0,1,0,0,0,0
s3e2,Brendan,0,1,0,0,0,0,0
s3e2,PeterM,0,0,0,0,1,0,0
s3e2,Cathryn,0,0,1,0,0,0,0
s3e2,John,1,0,0,0,0,0,0
s3e2,Victoria,0,0,0,1,0,0,0
s3e3,Ryan,0,0,1,0,0,0,0
s3e3,Brendan,0,0,0,1,0,0,0
s3e3,JamesM,1,0,0,0,0,0,0
s3e3,Cathryn,0,0,1,0,0,0,0
s3e3,Stuart,0,1,0,0,0,0,0
s3e3,Danny,0,0,1,0,0,0,0
s3e3,Sarah-Jane,0,0,1,0,0,0,0
s3e3,Victoria,0,0,0,0,1,0,0
s3e3,Manisha,0,0,1,0,0,0,0
s3e3,John,0,0,1,0,0,0,0
s3e4,JamesM,0,0,1,0,0,0,0
s3e4,Manisha,0,0,0,1,0,0,0
s3e4,Danny,0,1,0,0,0,0,0
s3e4,Stuart,0,0,0,0,1,0,0
s3e4,Cathryn,0,0,1,0,0,0,0
s3e4,John,0,0,1,0,0,0,0
s3e4,Brendan,1,0,0,0,0,0,0
s3e4,Sarah-Jane,0,0,1,0,0,0,0
s3e4,Ryan,0,0,0,1,0,0,0
s3e5,Sarah-Jane,0,0,0,1,0,0,0
s3e5,Brendan,0,1,0,0,0,0,0
s3e5,John,0,0,1,0,0,0,0
s3e5,Cathryn,0,0,1,0,0,0,0
s3e5,Manisha,0,0,0,0,1,0,0
s3e5,Danny,0,0,0,1,0,0,0
s3e5,Ryan,1,0,0,0,0,0,0
s3e5,JamesM,0,0,1,0,0,0,0
s3e6,Brendan,1,0,0,0,0,0,0
s3e6,Sarah-Jane,0,0,0,1,0,0,0
s3e6,John,0,0,0,1,0,0,0
s3e6,Cathryn,0,0,1,0,0,0,0
s3e6,Danny,0,1,0,0,0,0,0
s3e6,Ryan,0,0,1,0,0,0,0
s3e6,JamesM,0,0,0,1,0,0,0
s3e7,John,0,0,0,1,0,0,0
s3e7,Sarah-Jane,0,0,0,0,1,0,0
s3e7,Danny,1,0,0,0,0,0,0
s3e7,Cathryn,0,0,0,1,0,0,0
s3e7,JamesM,0,0,0,1,0,0,0
s3e7,Brendan,0,1,0,0,0,0,0
s3e7,Ryan,0,0,0,0,1,0,1
s3e8,Cathryn,0,0,0,0,1,0,0
s3e8,Brendan,0,0,1,0,0,0,0
s3e8,Danny,0,0,0,1,0,0,0
s3e8,John,0,1,0,0,0,0,0
s3e8,JamesM,1,0,0,0,0,0,0
s3e9,John,0,0,0,1,0,0,0
s3e9,JamesM,1,0,0,0,0,0,0
s3e9,Danny,0,0,0,0,1,0,0
s3e9,Brendan,0,1,0,0,0,0,0
s4e1,MarkO,0,0,1,0,0,0,0
s4e1,Howard,0,1,0,0,0,0,0
s4e1,Deborah,0,0,1,0,0,0,0
s4e1,Glenn,0,0,1,0,0,0,0
s4e1,Frances,0,1,0,0,0,0,0
s4e1,Christine,0,0,1,0,0,0,0
s4e1,RubyT,0,0,0,1,0,0,0
s4e1,Rob,1,0,0,0,0,0,0
s4e1,Ali,0,0,0,1,0,0,0
s4e1,Kimberley,0,0,1,0,0,0,0
s4e1,Toby,0,0,0,0,1,0,0
s4e1,Lucy,0,0,1,0,0,0,0
s4e1,Beca,0,0,1,0,0,0,0
s4e2,Kimberley,0,1,0,0,0,0,0
s4e2,Frances,0,0,1,0,0,0,0
s4e2,MarkO,0,0,0,1,0,0,0
s4e2,Ali,0,0,1,0,0,0,0
s4e2,Beca,0,0,0,1,0,0,0
s4e2,Deborah,0,0,1,0,0,0,0
s4e2,Christine,0,0,1,0,0,0,0
s4e2,RubyT,1,0,0,0,0,0,0
s4e2,Rob,0,0,0,1,0,0,0
s4e2,Howard,0,0,1,0,0,0,0
s4e2,Glenn,0,0,1,0,0,0,0
s4e2,Lucy,0,0,0,0,1,0,0
s4e3,MarkO,0,0,0,0,1,0,0
s4e3,Deborah,0,0,0,0,1,0,0
s4e3,Beca,0,0,1,0,0,0,0
s4e3,Kimberley,0,0,1,0,0,0,0
s4e3,Ali,0,0,1,0,0,0,0
s4e3,Howard,0,0,0,1,0,0,0
s4e3,Frances,0,1,0,0,0,0,0
s4e3,Christine,1,0,0,0,0,0,0
s4e3,RubyT,0,1,0,0,0,0,0
s4e3,Rob,0,0,1,0,0,0,0
s4e3,Glenn,0,0,1,0,0,0,0
s4e4,Frances,0,0,1,0,0,0,0
s4e4,Rob,0,0,0,1,0,0,0
s4e4,Ali,0,0,0,0,1,0,0
s4e4,Glenn,0,0,0,1,0,0,0
s4e4,Howard,0,0,1,0,0,0,0
s4e4,RubyT,0,1,0,0,0,0,0
s4e4,Beca,0,0,1,0,0,0,0
s4e4,Kimberley,1,0,0,0,0,0,0
s4e4,Christine,0,0,1,0,0,0,0
s4e5,Howard,0,0,1,0,0,0,0
s4e5,Christine,1,0,0,0,0,0,0
s4e5,Glenn,0,1,0,0,0,0,0
s4e5,RubyT,0,0,0,1,0,0,0
s4e5,Rob,0,0,0,0,1,0,0
s4e5,Kimberley,0,0,0,1,0,0,0
s4e5,Frances,0,0,1,0,0,0,0
s4e5,Beca,0,0,1,0,0,0,0
s4e6,Christine,0,0,1,0,0,0,0
s4e6,Kimberley,0,0,1,0,0,0,0
s4e6,RubyT,1,0,0,0,0,0,0
s4e6,Glenn,0,0,0,1,0,0,0
s4e6,Howard,0,0,0,0,1,0,0
s4e6,Frances,0,1,0,0,0,0,0
s4e6,Beca,0,0,1,0,0,0,0
s4e7,Kimberley,0,0,1,0,0,0,0
s4e7,Glenn,0,0,0,0,1,0,0
s4e7,Christine,0,0,0,1,0,0,0
s4e7,Frances,1,0,0,0,0,0,0
s4e7,RubyT,0,0,1,0,0,0,0
s4e7,Beca,0,1,0,0,0,0,0
s4e8,RubyT,1,0,0,0,0,0,0
s4e8,Frances,0,0,0,1,0,0,0
s4e8,Christine,0,0,0,0,1,0,0
s4e8,Kimberley,0,1,0,0,0,0,0
s4e8,Beca,0,0,0,1,0,0,0
s4e9,RubyT,0,0,0,1,0,0,0
s4e9,Beca,0,0,0,0,1,0,0
s4e9,Frances,0,1,0,0,0,0,1
s4e9,Kimberley,1,0,0,0,0,0,0
s5e1,Jordan,0,0,0,1,0,0,0
s5e1,Chetna,0,0,1,0,0,0,0
s5e1,Claire,0,0,0,0,1,0,0
s5e1,Norman,0,0,1,0,0,0,0
s5e1,Diana,0,0,1,0,0,0,0
s5e1,Richard,0,1,0,0,0,0,0
s5e1,Martha,0,1,0,0,0,0,0
s5e1,KateH,0,0,1,0,0,0,0
s5e1,Enwezor,0,0,1,0,0,0,0
s5e1,Nancy,1,0,0,0,0,0,0
s5e1,Luis,0,0,1,0,0,0,0
s5e1,Iain,0,0,0,1,0,0,0
s5e2,Richard,1,0,0,0,0,0,0
s5e2,Martha,0,0,1,0,0,0,0
s5e2,Jordan,0,0,1,0,0,0,0
s5e2,Enwezor,0,0,0,0,1,0,0
s5e2,Norman,0,0,0,1,0,0,1
s5e2,Nancy,0,0,1,0,0,0,0
s5e2,Luis,0,1,0,0,0,0,0
s5e2,Iain,0,0,1,0,0,0,0
s5e2,Chetna,0,0,1,0,0,0,0
s5e2,KateH,0,0,1,0,0,0,0
s5e2,Diana,0,0,1,0,0,0,0
s5e3,Richard,0,0,1,0,0,0,0
s5e3,Martha,0,0,1,0,0,0,0
s5e3,Nancy,0,0,1,0,0,0,0
s5e3,Norman,0,0,0,1,0,0,0
s5e3,Chetna,0,0,1,0,0,0,0
s5e3,Iain,0,0,1,0,0,0,0
s5e3,Luis,1,0,0,0,0,0,1
s5e3,Diana,0,0,1,0,0,0,0
s5e3,KateH,0,1,0,0,0,0,0
s5e3,Jordan,0,0,0,0,1,0,0
s5e4,Norman,0,0,0,1,0,0,0
s5e4,Martha,0,0,1,0,0,0,0
s5e4,Nancy,0,0,1,0,0,0,0
s5e4,Richard,1,0,0,0,0,0,0
s5e4,Iain,0,0,0,0,1,0,0
s5e4,Chetna,0,0,1,0,0,0,0
s5e4,KateH,0,1,0,0,0,0,0
s5e4,Luis,0,1,0,0,0,0,0
s5e4,Diana,0,0,1,0,0,0,0
s5e5,KateH,1,0,0,0,0,0,0
s5e5,Richard,0,0,0,1,0,0,0
s5e5,Nancy,0,1,0,0,0,0,0
s5e5,Martha,0,0,0,1,0,0,0
s5e5,Luis,0,0,1,0,0,0,0
s5e5,Norman,0,0,0,0,1,0,0
s5e5,Chetna,0,0,1,0,0,0,0
s5e6,Chetna,1,0,0,0,0,0,0
s5e6,Martha,0,0,1,0,0,0,0
s5e6,Luis,0,1,0,0,0,0,0
s5e6,Richard,0,0,0,1,0,0,0
s5e6,Nancy,0,1,0,0,0,0,0
s5e6,KateH,0,0,0,1,0,0,0
s5e7,Nancy,0,1,0,0,0,0,0
s5e7,Martha,0,0,0,1,0,0,0
s5e7,KateH,0,0,0,0,1,0,0
s5e7,Luis,0,0,1,0,0,0,0
s5e7,Chetna,0,0,1,0,0,0,0
s5e7,Richard,1,0,0,0,0,0,0
s5e8,Richard,1,0,0,0,0,0,0
s5e8,Martha,0,0,0,0,1,0,0
s5e8,Chetna,0,0,1,0,0,0,0
s5e8,Nancy,0,0,0,1,0,0,0
s5e8,Luis,0,1,0,0,0,0,0
s5e9,Richard,1,0,0,0,0,0,0
s5e9,Nancy,0,0,0,1,0,0,0
s5e9,Luis,0,1,0,0,0,0,0
s5e9,Chetna,0,0,0,0,1,0,0
s6e1,Alvin,0,0,1,0,0,0,0
s6e1,Mat,0,0,1,0,0,0,0
s6e1,Ugnė,0,0,0,1,0,0,0
s6e1,Nadiya,0,1,0,0,0,0,0
s6e1,IanC,0,0,1,0,0,0,0
s6e1,Tamal,0,1,0,0,0,0,0
s6e1,Stu,0,0,0,0,1,0,0
s6e1,Sandy,0,0,1,0,0,0,0
s6e1,Marie,1,0,0,0,0,0,0
s6e1,Paul,0,0,1,0,0,0,0
s6e1,Dorret,0,0,0,1,0,0,0
s6e1,Flora,0,1,0,0,0,0,0
s6e2,Dorret,0,0,0,1,0,0,0
s6e2,Nadiya,0,0,1,0,0,0,0
s6e2,Tamal,0,0,1,0,0,0,0
s6e2,IanC,1,0,0,0,0,0,0
s6e2,Paul,0,0,0,1,0,0,0
s6e2,Marie,0,0,0,0,1,0,0
s6e2,Ugnė,0,0,1,0,0,0,0
s6e2,Mat,0,1,0,0,0,0,0
s6e2,Flora,0,0,1,0,0,0,0
s6e2,Alvin,0,0,1,0,0,0,0
s6e2,Sandy,0,1,0,0,0,0,0
s6e3,Nadiya,0,0,1,0,0,0,0
s6e3,IanC,1,0,0,0,0,0,0
s6e3,Alvin,0,1,0,0,0,0,0
s6e3,Flora,0,0,1,0,0,0,0
s6e3,Sandy,0,0,1,0,0,0,0
s6e3,Tamal,0,0,1,0,0,0,0
s6e3,Dorret,0,0,0,0,1,0,0
s6e3,Mat,0,0,0,1,0,0,0
s6e3,Ugnė,0,0,1,0,0,0,0
s6e3,Paul,0,1,0,0,0,0,1
s6e4,Nadiya,0,1,0,0,0,0,0
s6e4,Ugnė,0,0,1,0,0,0,0
s6e4,Flora,0,0,1,0,0,0,0
s6e4,Paul,0,0,0,1,0,0,0
s6e4,IanC,1,0,0,0,0,0,0
s6e4,Alvin,0,0,0,1,0,0,0
s6e4,Sandy,0,0,0,0,1,0,0
s6e4,Mat,0,0,1,0,0,0,0
s6e4,Tamal,0,1,0,0,0,0,0
s6e5,Tamal,0,0,1,0,0,0,0
s6e5,Alvin,0,0,1,0,0,0,0
s6e5,Ugnė,0,0,0,0,1,0,0
s6e5,Flora,0,0,0,1,0,0,0
s6e5,Mat,0,0,1,0,0,0,0
s6e5,Paul,0,1,0,0,0,0,0
s6e5,IanC,0,0,1,0,0,0,0
s6e5,Nadiya,1,0,0,0,0,0,0
s6e6,Paul,0,0,1,0,0,0,0
s6e6,Nadiya,0,0,0,1,0,0,0
s6e6,IanC,0,0,1,0,0,0,0
s6e6,Alvin,0,0,0,0,1,0,0
s6e6,Mat,1,0,0,0,0,0,0
s6e6,Flora,0,1,0,0,0,0,0
s6e6,Tamal,0,0,1,0,0,0,0
s6e7,IanC,0,1,0,0,0,0,0
s6e7,Mat,0,0,0,0,1,0,0
s6e7,Paul,0,0,0,1,0,0,0
s6e7,Nadiya,0,1,0,0,0,0,0
s6e7,Tamal,1,0,0,0,0,0,1
s6e7,Flora,0,0,1,0,0,0,0
s6e8,Flora,0,0,0,1,0,0,0
s6e8,IanC,0,0,1,0,0,0,0
s6e8,Paul,0,0,0,0,1,0,0
s6e8,Nadiya,1,0,0,0,0,0,0
s6e8,Tamal,0,1,0,0,0,0,0
s6e9,Nadiya,1,0,0,0,0,0,1
s6e9,Tamal,0,1,0,0,0,0,0
s6e9,Flora,0,0,0,0,1,0,0
s6e9,IanC,0,0,0,1,0,0,0
s7e1,Rav,0,0,1,0,0,0,0
s7e1,TomG,0,0,1,0,0,0,0
s7e1,Jane,1,0,0,0,0,0,0
s7e1,Lee,0,0,0,0,1,0,0
s7e1,KateB,0,0,1,0,0,0,0
s7e1,MichaelG,0,0,1,0,0,0,0
s7e1,Andrew,0,0,1,0,0,0,0
s7e1,LouiseW,0,0,1,0,0,0,0
s7e1,Selasi,0,1,0,0,0,0,0
s7e1,Val,0,0,0,1,0,0,0
s7e1,Candice,0,0,0,1,0,0,0
s7e1,Benjamina,0,1,0,0,0,0,0
s7e2,Candice,1,0,0,0,0,0,0
s7e2,Selasi,0,0,1,0,0,0,0
s7e2,MichaelG,0,0,1,0,0,0,0
s7e2,Benjamina,0,0,1,0,0,0,0
s7e2,Jane,0,0,1,0,0,0,0
s7e2,TomG,0,0,1,0,0,0,1
s7e2,KateB,0,0,1,0,0,0,0
s7e2,Rav,0,0,1,0,0,0,0
s7e2,LouiseW,0,0,0,0,1,0,0
s7e2,Andrew,0,1,0,0,0,0,0
s7e2,Val,0,0,0,1,0,0,0
s7e3,Candice,0,0,0,1,0,0,0
s7e3,TomG,1,0,0,0,0,0,0
s7e3,Rav,0,0,1,0,0,0,0
s7e3,KateB,0,1,0,0,0,0,0
s7e3,MichaelG,0,0,0,0,1,0,0
s7e3,Benjamina,0,0,1,0,0,0,0
s7e3,Val,0,0,0,1,0,0,0
s7e3,Jane,0,0,1,0,0,0,0
s7e3,Selasi,0,0,1,0,0,0,0
s7e3,Andrew,0,1,0,0,0,0,0
s7e4,Selasi,0,0,1,0,0,0,1
s7e4,Andrew,0,1,0,0,0,0,0
s7e4,TomG,0,0,0,1,0,0,0
s7e4,Rav,0,0,0,1,0,0,0
s7e4,Val,0,0,1,0,0,0,0
s7e4,KateB,0,0,0,0,1,0,0
s7e4,Candice,0,0,1,0,0,0,0
s7e4,Benjamina,1,0,0,0,0,0,0
s7e4,Jane,0,0,1,0,0,0,0
s7e5,Val,0,0,0,0,1,0,0
s7e5,TomG,0,0,0,1,0,0,0
s7e5,Benjamina,0,0,1,0,0,0,0
s7e5,Jane,0,1,0,0,0,0,0
s7e5,Andrew,0,0,1,0,0,0,0
s7e5,Candice,1,0,0,0,0,0,0
s7e5,Selasi,0,0,1,0,0,0,0
s7e5,Rav,0,0,1,0,0,0,0
s7e6,Benjamina,0,0,1,0,0,0,0
s7e6,Selasi,0,1,0,0,0,0,0
s7e6,TomG,1,0,0,0,0,0,0
s7e6,Jane,0,0,1,0,0,0,0
s7e6,Candice,0,1,0,0,0,0,0
s7e6,Andrew,0,0,0,1,0,0,0
s7e6,Rav,0,0,0,0,1,0,0
s7e7,Selasi,0,0,0,1,0,0,0
s7e7,Andrew,1,0,0,0,0,0,0
s7e7,Jane,0,0,1,0,0,0,0
s7e7,Candice,0,0,1,0,0,0,0
s7e7,TomG,0,0,0,0,1,0,0
s7e7,Benjamina,0,1,0,0,0,0,0
s7e8,Andrew,0,0,1,0,0,0,0
s7e8,Benjamina,0,0,0,0,1,0,0
s7e8,Selasi,0,0,0,1,0,0,0
s7e8,Jane,0,1,0,0,0,0,0
s7e8,Candice,1,0,0,0,0,0,0
s7e9,Candice,0,1,0,0,0,0,0
s7e9,Jane,0,0,0,1,0,0,0
s7e9,Selasi,0,0,0,0,1,0,0
s7e9,Andrew,1,0,0,0,0,0,0
s8e1,PeterA,0,0,0,0,1,0,0
s8e1,KateL,0,0,1,0,0,0,0
s8e1,JamesH,0,0,1,0,0,0,0
s8e1,Yan,0,0,1,0,0,0,0
s8e1,Chris,0,0,0,1,0,0,0
s8e1,Julia,0,0,1,0,0,0,0
s8e1,Steven,1,0,0,0,0,0,1
s8e1,Sophie,0,1,0,0,0,0,1
s8e1,Stacey,0,0,0,1,0,0,0
s8e1,Flo,0,1,0,0,0,0,0
s8e1,TomH,0,0,1,0,0,0,0
s8e1,Liam,0,0,1,0,0,0,0
s8e2,Stacey,0,0,0,1,0,0,0
s8e2,Chris,0,0,0,0,1,0,0
s8e2,Flo,0,0,0,1,0,0,0
s8e2,Sophie,0,1,0,0,0,0,0
s8e2,JamesH,0,0,1,0,0,0,0
s8e2,Steven,1,0,0,0,0,0,0
s8e2,Julia,0,0,1,0,0,0,0
s8e2,TomH,0,1,0,0,0,0,0
s8e2,Liam,0,0,1,0,0,0,0
s8e2,Yan,0,0,1,0,0,0,0
s8e2,KateL,0,0,0,1,0,0,0
s8e3,Flo,0,0,0,0,1,0,0
s8e3,Yan,0,0,1,0,0,0,0
s8e3,Julia,1,0,0,0,0,0,0
s8e3,TomH,0,0,1,0,0,0,0
s8e3,Stacey,0,0,1,0,0,0,0
s8e3,KateL,0,0,1,0,0,0,0
s8e3,JamesH,0,0,1,0,0,0,0
s8e3,Steven,0,1,0,0,0,0,0
s8e3,Sophie,0,0,1,0,0,0,0
s8e3,Liam,0,0,0,1,0,0,0
s8e4,KateL,1,0,0,0,0,0,0
s8e4,Sophie,0,0,1,0,0,0,0
s8e4,Yan,0,0,1,0,0,0,0
s8e4,Liam,0,1,0,0,0,0,1
s8e4,TomH,0,0,0,0,1,0,0
s8e4,Stacey,0,0,1,0,0,0,0
s8e4,JamesH,0,0,0,1,0,0,0
s8e4,Steven,0,0,1,0,0,0,0
s8e4,Julia,0,0,1,0,0,0,0
s8e5,Liam,0,0,0,1,0,0,0
s8e5,KateL,0,0,1,0,0,0,0
s8e5,JamesH,0,0,0,0,1,0,0
s8e5,Julia,0,0,0,1,0,0,0
s8e5,Yan,0,0,1,0,0,0,1
s8e5,Steven,0,0,1,0,0,0,1
s8e5,Stacey,0,1,0,0,0,0,1
s8e5,Sophie,1,0,0,0,0,0,0
s8e6,Sophie,0,1,0,0,0,0,0
s8e6,KateL,0,0,1,0,0,0,0
s8e6,Stacey,0,0,0,1,0,0,0
s8e6,Julia,0,0,0,0,1,0,0
s8e6,Steven,0,0,1,0,0,0,0
s8e6,Liam,1,0,0,0,0,0,0
s8e6,Yan,0,1,0,0,0,0,0
s8e7,Steven,1,0,0,0,0,0,0
s8e7,Liam,0,1,0,0,0,0,0
s8e7,KateL,0,0,0,1,0,0,0
s8e7,Yan,0,0,0,0,1,0,0
s8e7,Sophie,0,1,0,0,0,0,0
s8e7,Stacey,0,0,0,1,0,0,0
s8e8,Steven,0,1,0,0,0,0,0
s8e8,Sophie,0,0,1,0,0,0,0
s8e8,KateL,0,0,0,1,0,0,0
s8e8,Liam,0,0,0,0,1,0,0
s8e8,Stacey,1,0,0,0,0,0,1
s8e9,KateL,0,1,0,0,0,0,0
s8e9,Steven,0,0,0,1,0,0,0
s8e9,Sophie,1,0,0,0,0,0,0
s8e9,Stacey,0,0,0,0,1,0,0
s9e1,Rahul,0,0,1,0,0,0,0
s9e1,RubyB,0,0,0,1,0,0,0
s9e1,Manon,1,0,0,0,0,0,0
s9e1,Kim-Joy,0,0,1,0,0,0,0
s9e1,Briony,0,1,0,0,0,0,0
s9e1,Luke,0,0,1,0,0,0,0
s9e1,Terry,0,0,0,1,0,0,0
s9e1,Jon,0,0,1,0,0,0,0
s9e1,Imelda,0,0,0,0,1,0,0
s9e1,Antony,0,0,1,0,0,0,0
s9e1,Karen,0,0,1,0,0,0,0
s9e1,DanBH,0,0,1,0,0,0,0
s9e2,Karen,0,0,1,0,0,0,0
s9e2,DanBH,0,1,0,0,0,0,1
s9e2,Luke,0,0,0,0,1,0,0
s9e2,Manon,0,0,1,0,0,0,0
s9e2,Terry,0,0,0,1,0,0,0
s9e2,Kim-Joy,0,0,1,0,0,0,0
s9e2,Jon,0,1,0,0,0,0,0
s9e2,Antony,0,0,1,0,0,0,0
s9e2,RubyB,0,0,1,0,0,0,1
s9e2,Briony,0,0,0,1,0,0,0
s9e2,Rahul,1,0,0,0,0,0,1
s9e3,Terry,0,0,1,0,0,0,0
s9e3,Rahul,1,0,0,0,0,0,0
s9e3,Kim-Joy,0,0,1,0,0,0,0
s9e3,Jon,0,0,1,0,0,0,0
s9e3,Briony,0,0,0,1,0,0,0
s9e3,Antony,0,0,0,0,1,0,0
s9e3,Manon,0,0,1,0,0,0,0
s9e3,DanBH,0,1,0,0,0,0,1
s9e3,RubyB,0,0,1,0,0,0,0
s9e3,Karen,0,0,1,0,0,0,0
s9e4,Jon,0,1,0,0,0,0,1
s9e4,Terry,0,0,0,0,0,1,0
s9e4,DanBH,1,0,0,0,0,0,1
s9e4,Manon,0,0,1,0,0,0,0
s9e4,Kim-Joy,0,0,1,0,0,0,0
s9e4,Briony,0,0,0,1,0,0,0
s9e4,Karen,0,0,0,1,0,0,0
s9e4,Rahul,0,1,0,0,0,0,0
s9e4,RubyB,0,0,1,0,0,0,0
s9e5,RubyB,0,0,1,0,0,0,0
s9e5,Briony,0,0,0,1,0,0,0
s9e5,Kim-Joy,1,0,0,0,0,0,1
s9e5,Karen,0,0,0,0,1,0,0
s9e5,DanBH,0,0,1,0,0,0,0
s9e5,Rahul,0,1,0,0,0,0,1
s9e5,Terry,0,0,0,0,1,0,0
s9e5,Jon,0,0,0,1,0,0,0
s9e5,Manon,0,0,1,0,0,0,1
s9e6,RubyB,0,1,0,0,0,0,1
s9e6,DanBH,0,0,0,0,1,0,0
s9e6,Kim-Joy,0,0,1,0,0,0,0
s9e6,Briony,1,0,0,0,0,0,0
s9e6,Rahul,0,1,0,0,0,0,1
s9e6,Manon,0,0,0,1,0,0,0
s9e6,Jon,0,0,1,0,0,0,0
s9e7,Briony,0,0,1,0,0,0,0
s9e7,RubyB,0,0,0,1,0,0,0
s9e7,Kim-Joy,1,0,0,0,0,0,1
s9e7,Rahul,0,1,0,0,0,0,0
s9e7,Jon,0,0,0,0,1,0,0
s9e7,Manon,0,0,1,0,0,0,0
s9e8,Rahul,0,0,0,1,0,0,0
s9e8,Kim-Joy,0,0,0,1,0,0,0
s9e8,Briony,0,1,0,0,0,0,0
s9e8,Manon,0,0,0,0,1,0,0
s9e8,RubyB,1,0,0,0,0,0,0
s9e9,Briony,0,0,0,0,1,0,0
s9e9,Kim-Joy,0,1,0,0,0,0,0
s9e9,RubyB,1,0,0,0,0,0,0
s9e9,Rahul,0,0,0,1,0,0,0