Season,Episode,Baker,SeasonEpisode,Signature Bake,Rank in Technical,Showstopper,Status
1,1,Edd,s1e1,Caramel Cinnamon and Banana Cake,1,,Safe
1,1,Ruth,s1e1,Three Tiered Lemon Drizzle Cake with Fresh Cream and freshly made Lemon Curd,,Classic Chocolate Sponge wrapped in a Chocolate Collar topped with Handmade White and Dark Chocolate Truffles,Did well
1,1,Miranda,s1e1,Triple Layered Brownie Meringue Cake with Raspberry Cream,8,Three Tiered Chocolate Fudge Cake with Handmade Chocolate Button Decorations,Did well
1,1,Jasminder,s1e1,Fresh Mango and Passion Fruit Hummingbird Cake,,,Safe
1,1,DavidC,s1e1,Chocolate Orange Cake,3,"Black Forest Floor Gateau with Moulded Chocolate Leaves, Fallen Fruit and Chocolate Mushrooms Moulded from eggs",At risk
1,1,Jonathan,s1e1,Carrot Cake with Lime and Cream Cheese Icing,9,Three Tiered White and Dark Chocolate with Almond and Cherry,Safe
1,1,Annetha,s1e1,Light Jamaican Black Cake with Strawberries and Cream,2,"Red, White & Blue Chocolate Cake with Cigarellos, Fresh Fruit, and Cream",Did well
1,1,LouiseB,s1e1,Carrot and Orange Cake,,"Never Fail Chocolate Sponge Cake, with Fresh Fruit, White & Chocolate Cigarello Border",At risk
1,1,Lea,s1e1,Cranberry and Pistachio Cake with Orange Flower Water Icing,10,Raspberries and Cream-filled Chocolate Cake with Chocolate-dipped Fresh Fruit,Eliminated
1,1,MarkW,s1e1,Sticky Marmalade Tea Loaf,,Heart-shaped Chocolate and Beetroot Cake with Store-bought silver chocolate hearts and chocolate red and white roses.,Eliminated
1,2,Edd,s1e2,Oatmeal Raisin Cookies,6,Pink Macarons,Did well
1,2,Ruth,s1e2,Peanut Shortbread with Salted Peanut Caramel,5,Almond Macaron with Violet Buttercream & Raspberries and Cream Eclairs,Safe
1,2,Miranda,s1e2,Fresh Vanilla Biscuits with Royal Icing,3,Pistachio Macarons,Did well
1,2,Jasminder,s1e2,Millionaires' Shortbread,2,Meringues with Chocolate and Space Dust & Coffee Flavoured Eclairs,Safe
1,2,DavidC,s1e2,Cheddar Cheese and Fresh Rosemary Biscuits,8,Choux Pastry Swans & Chocolate Profiteroles,At risk
1,2,Jonathan,s1e2,Honey and Candied Ginger Cookies,1,Meringues with Whiskey Cream and Chocolate,Did well
1,2,Annetha,s1e2,Rose Petal Shortbread,7,Pink Swirl Macarons / Eclairs,Eliminated
1,2,LouiseB,s1e2,Stained Glass Window Shortbread Biscuits,4,"Strawberry, Mint, and Cream Meringue Baskets & Chocolate Eclairs / Orange, Yellow and Pink Macarons",Eliminated
1,3,Edd,s1e3,Olive Bread,1,Tomato and Mozzarella Rolls,Did well
1,3,Ruth,s1e3,Maple and Pecan Bread,2,Chocolate and Orange Panettone & Cranberry Bagels,Did well
1,3,Miranda,s1e3,Walnut and Apricot Bread,3,Lemon Iced Buns & Chocolate and Orange Buns & Cranberry Buns with Icing Sugar,Safe
1,3,Jasminder,s1e3,Focaccia with Sun-Dried Tomatoes and Olive Oil,5,Mango and Sultana Buns & Pain au Chocolat with Mars Bars & Tutti Frutti Wheels with Jelly Tots & Tomato and Cheese Rolls,At risk
1,3,DavidC,s1e3,Chilli Bread,4,Walnut and Seed Roll & Red Berry and Almond Bun & Tomato and Herb Rolls,At risk
1,3,Jonathan,s1e3,"Anchovy, Sweet Paprika and Oregano Bread",6,"Sticky Lemon Honey Buns & Olive and Anchovy Rolls & Sun-Dried Tomato and Fresh Herb Rolls & Stilton, Walnut and Braeburn Apple Rolls & Cinnamon and Cardamom Chelsea Buns & Sultana Chelsea Buns with Icing",Eliminated
1,4,Edd,s1e4,Apple and Plum Pudding with Rum Caramel Sauce,3,"Apple and Cinnamon Crumble, Nutella Banana Brioche Bread Pudding, Rhubarb and Strawberry Layered Suet Pudding",At risk
1,4,Ruth,s1e4,Peach and Blueberry Boy Bait,4,"Apple & Ginger Crumble, Rhubarb Suet Pudding, Cherry Queen of Puddings",Did well
1,4,Miranda,s1e4,Sticky Toffee Pudding with Caramelised Walnuts,1,"Queen of Puddings, Chocolate Pear Roly Poly, Strawberry and Rhubarb Crumble",Did well
1,4,Jasminder,s1e4,Sticky Toffee Pudding with Tropical Fruit & Toffee Sauce,2,"Bread & Butter Pudding, Treacle Suet Pudding with Fresh Fruit, Apple and Pineapple Crumble",Did well
1,4,DavidC,s1e4,Pear and Walnut Pudding,5,"Apple and Blackberry Crumble, Rhubarb and Orange Betty, Suet Crust-Wrapped Pear with Sultana Filling",Eliminated
1,5,Edd,s1e5,"Chicken, Ham, Leek and Tarragon Pie",2,"Almond Sweet Pastry with Ginger and Chocolate & Raspberry Tart / Yorkshire Curd Tart & Chickpea and Salami, Red and Yellow Pepper, & Asparagus Gruyere Quiche Canapés",Did well
1,5,Ruth,s1e5,Minced Beef Pie,3,"Raspberry and Dark Chocolate Tart & Creme Patisserie and Cherry Tart & Citrus Curd Tart with Creme Brulee Top & Tomato, Asparagus Twirl Canapés",Did well
1,5,Miranda,s1e5,"Summery Salmon, Cod and Prawn Fish Pie",1,"Chocolate Pastry filled with Orange Cheesecake & Chocolate Pastry filled with Milk Chocolate Ganache & Strawberry Tart with Red Currant Glaze & Cheesy Crab, Broad Bean and Tomato, Pancetta Risotto Canapés",At risk
1,5,Jasminder,s1e5,Chicken and Mushroom Pie,4,"Jaggery, Carrot, and Spiced Condensed Milk Tart & Fruit and Custard Tart & Thai Chili Red Onion, Duck in Plum Sauce, Salmon and Prawn Canapés",Eliminated
1,6,Edd,s1e6,Cinnamon and Banana Tea Cakes,,Chocolate and Ginger Tarts & Lemon Scones with Passion Fruit Curd & Raspberry Choux Buns & Finger Sandwiches,Winner
1,6,Ruth,s1e6,"Mint, Ginger and Blackberry Tea Cakes",,Red Pepper and Cheese Quiche Tarts & Sultana Scones & Vanilla and Lemon Choux Buns & Finger Sandwiches,Runner-up
1,6,Miranda,s1e6,Lemon Cupcakes,,Eliminated at signature,Runner-up
2,1,Jo,s2e1,Chocolate Orange Cupcakes & Orange and Cardamom Cupcakes,11,Chocolate and Strawberry Cake,Did well
2,1,Holly,s2e1,Cherry Bakewell Inspired Cupcakes & Ginger Cupcakes with Fig Truffle,1,Novelty Farm Cake,Star Baker
2,1,Mary-Anne,s2e1,Banoffee Cupcakes,4,Chocolate and Raspberry Opera Cake,Safe
2,1,Janet,s2e1,Raspberry and Cream Cupcakes,8,Chocolate Marble Cake with Dark and White Chocolate Truffles,Safe
2,1,Yasmin,s2e1,Cardamom and Pomegranate Cupcakes,5,,Safe
2,1,Jason,s2e1,Lemon Meringue Cupcakes & Apple and Cinnamon Cupcakes,6,,Safe
2,1,Robert,s2e1,Blackberry and Vanilla Cupcakes with Liquorice Frosting,3,Genoise Layered Mousse Cake with Chocolate Ganache,At risk
2,1,Ben,s2e1,Rhubarb and Custard Cupcakes & After Dinner Cupcakes,2,Vanilla Sponge with White Chocolate and Raspberry Buttercream,Safe
2,1,IanV,s2e1,Apple and Cinnamon Cupcakes,10,,Safe
2,1,Urvashi,s2e1,Cherry Blossom Cupcakes & Japanese Lime Cupcakes,7,Orange Blossom Celebration Cake,Safe
2,1,Simon,s2e1,Guinness and Chocolate Cupcakes,9,Two-Tiered Chocolate Courgette Cake,At risk
2,1,Keith,s2e1,Earl Grey Cupcakes,12,Chocolate and Sour Cream Cake,Eliminated
2,2,Jo,s2e2,"Caramelised Onion, Gruyere and Thyme Quiche",10,Raspberry and Mascarpone Tarts with Lemon and Almond Pastry & Honey and Almond Tarts with Sweetcrust,At risk
2,2,Holly,s2e2,Pesto Quiche,4,Milk Chocolate and Pistachio Tarts & Trifle Tarts,Safe
2,2,Mary-Anne,s2e2,"Roasted Cauliflower, Cheese and Caramelised Onion Quiche",9,Butterscotch Brulée Tarts in Pecan Pastry & Apple Rose Tarts,Safe
2,2,Janet,s2e2,Quiche Printanière,8,Red Fruit Tarts & Chocolate and Cherry Tarts,Safe
2,2,Yasmin,s2e2,Smoked Haddock and Watercress Quiche,6,Chocolate and Orange with Cinnamon-Orange Pastry Tarts & Blueberry and Hazelnut with Hazelnut Pastry Tarts,Safe
2,2,Jason,s2e2,Salmon and Pak Choi Quiche,3,Mint Chocolate Tarts & Blueberry Bakewell Tarts,Star Baker
2,2,Robert,s2e2,Smoked Bacon and Kale Quiche,5,"Chocolate, Fennel and Ginger Tart & Almond, Creme Patisserie and Poached Pear Tart",At risk
2,2,Ben,s2e2,"Chorizo, Pepper and Gruyere Quiche",1,Lemon Meringue Tarts,Safe
2,2,IanV,s2e2,"Stilton, Spinach and New Potato Quiche with Paprika and Walnut Pastry",2,,Did well
2,2,Urvashi,s2e2,"Crab, Coriander and Coconut Quiche",7,Strawberry and Basil Tarts & Elderflower and Honeycomb Tarts,Safe
2,2,Simon,s2e2,Smoked Haddock and Watercress Quiche,11,"Passion Fruit and Ricotta Tarts & Salted Chocolate, Stem Ginger and Mascarpone Cream Tarts",Eliminated
2,3,Jo,s2e3,"Ham, Mozzarella and Picante Pepper Stromboli",1,,Safe
2,3,Holly,s2e3,Picnic Loaf,6,Stilton and Walnut Rolls,Safe
2,3,Mary-Anne,s2e3,Ploughman's Loaf,5,Herb and Walnut Breads & Chocolate and Chilli Buns,Did well
2,3,Janet,s2e3,Zupfe Loaf with Gruyère Cheese,8,Apple and Walnut Granary Rolls & Sage and Red Onion Cottage Rolls,At risk
2,3,Yasmin,s2e3,Egyptian Dukkah Loaf with Mixed Spices,2,Pesto Bread & Sweet Coconut Rolls,Star Baker
2,3,Jason,s2e3,Cheese and Onion Tear and Share Loaf,7,,Safe
2,3,Robert,s2e3,Rye and Coriander Seed Loaf,4,Blueberry Brioche Rolls & Lemon and Poppy Seed Rolls,At risk
2,3,Ben,s2e3,"Walnut, Raisin and Rosemary Loaf",3,,Safe
2,3,IanV,s2e3,"Courgette, Caerphilly Cheese and Thyme Loaf",10,Walnut and Raisin Rolls & Cracked Wheat Logs,Eliminated
2,3,Urvashi,s2e3,Salt and Peppercorn Loaf,9,Chilli and Halloumi Rolls & Lemon and Coriander Mini Loaves,Eliminated
2,4,Jo,s2e4,Lavender Biscuits,8,Blueberry Macarons & Coconut Macarons & Strawberry Macarons,Safe
2,4,Holly,s2e4,Strawberry and Custard Melts,3,"Chocolate bars of my youth' (Caramel Macarons, Mint Chocolate Macarons and Chocolate Orange Macarons)",Star Baker
2,4,Mary-Anne,s2e4,Melting Moments,2,Blackcurrant and Mint Macarons & Gooseberry and Elderflower Macarons & Hazelnut Macarons,Did well
2,4,Janet,s2e4,Christmas Marzipan Biscuits,4,Raspberry Macarons & Blackcurrant Macarons & Almond Macarons,Safe
2,4,Yasmin,s2e4,Chocolate Chip and Pistachio Biscotti,6,Chocolate and Lime Macarons & Coffee and Walnut Macarons & Pineapple and Coconut Macarons,At risk
2,4,Jason,s2e4,Lebkuchen,1,"Mocktail Macarons & (Mojito, Cranberry Cooler, and Piña Colada)",Star Baker
2,4,Robert,s2e4,Chocolate and Ginger Oat Biscuits,7,Strawberry and Lime Macarons & Lemon Macarons & Chocolate and Cardamom Macarons,Safe
2,4,Ben,s2e4,Stem Ginger Nuts,5,Chocolate and Almond Macarons & Pine Nut Macarons & Pistachio Macarons,Eliminated
2,5,Jo,s2e5,Salmon and Asparagus Pie,6,Apple and Raspberry Meringue Pie,Safe
2,5,Holly,s2e5,"Stilton, Potato and Caramelised Onion Pie",4,Lime Meringue Pie,Safe
2,5,Mary-Anne,s2e5,Chicken and Bacon Pie,2,Midnight Meringue Pie,Did well
2,5,Janet,s2e5,Chicken and Chestnut Pie,1,Rhubarb Meringue Pie,Star Baker
2,5,Yasmin,s2e5,Family Fish Pie,5,Peach and Raspberry Meringue Pie,At risk
2,5,Jason,s2e5,Brown Down Chicken Pie,7,Plum Meringue Pie,Eliminated
2,5,Robert,s2e5,Chicken and Mushroom Pie,3,Rhubarb & Custard Meringue Pie,Eliminated
2,6,Jo,s2e6,Rum and Raisin Baked Cheesecake,1,Limoncello and White Chocolate Croquembouche,Star Baker
2,6,Holly,s2e6,Father Christmas' Baked Cheesecake,3,Hansel and Gretel's Croquembouche,At risk
2,6,Mary-Anne,s2e6,Tutti Fruitti Curd Baked Cheesecake,4,Orange and Praline Croquembouche with Cardamom Caramel,Did well
2,6,Janet,s2e6,Rhubarb and Ginger Baked Cheesecake,5,Orange and Nougatine Croquembouche,Did well
2,6,Yasmin,s2e6,Baked Amaretto Cheesecake,2,Rose Croquembouche,Eliminated
2,7,Jo,s2e7,Raspberry & Strawberry Mousse Cake,3,Pain Aux Raisin & Chocolate Twists & Banana and Raisin Pastries,Did well
2,7,Holly,s2e7,"White Chocolate, Hazelnut and Raspberry Génoise Mousse Cake",1,"Apricot, Macadamia and White Chocolate Pinwheels & Almond Croissants & Apple, Raisin and Cinnamon Plaits",Did well
2,7,Mary-Anne,s2e7,Chocolate and Orange Mousse Cake,2,Raspberry Rose Danishes & Praline Spirals & Alsatian Plaited Danishes,At risk
2,7,Janet,s2e7,Chocolate Amaretto Mousse Cake,4,Pain Aux Raisin & Plain Croissant & Pain Au Chocolat,Eliminated
2,8,Jo,s2e8,Raspberry and Blueberry Mille Feuille,1,"Mini Victoria Sandwiches & Raspberry, White Chocolate and Pistachio Mini Meringues & Mini Banoffee Pie with Banana Mousse",Winner
2,8,Holly,s2e8,Banoffee Inspired Mille Feuille,2,Strawberry and Cream Meringue Nest & Gooseberry and Elderflower 'Bakewell' Tarts & Neapolitan Ice-Cream Sandwich,Runner-up
2,8,Mary-Anne,s2e8,Lemon and Ginger Mille Feuille,3,Fruit Tarts with Elderflower Custard & Strawberry and Rhubarb Cheesecakes & Black Fruit Meringue with Everlasting Syllabub,Runner-up
3,1,John,s3e1,"Toffee Apple, Orange & Cranberry Upside Down Cake",11,Hidden Pink Hearts Cake,Safe
3,1,Brendan,s3e1,"Plum, Sour Cherry & Walnut Upside Down Cake",10,St. Patrick's Day Cake with Hidden Irish Flag*[12],Safe
3,1,JamesM,s3e1,"Parsnip, Pear, and Pecan Upside Down Cake",2,Simmer Dim Sunset Cake,Safe
3,1,Danny,s3e1,"Plum, Ginger & Orange Upside Down Cake",7,Nectar Cake with Hidden Beehive*[13],Safe
3,1,Cathryn,s3e1,"Apple, Hazelnut and Calvados Upside Down Cake",5,Hidden Cupcake Cake,Did well
3,1,Ryan,s3e1,Kumquat and Orange Polenta Upside Down Cake,8,Hidden Flowerbed Mousse Cake,Safe
3,1,Sarah-Jane,s3e1,"Pear, Chocolate and Hazelnut Upside Down Cake",1,Hidden Crown Cake,Safe
3,1,Manisha,s3e1,"Vanilla, Peach and Raspberry Upside Down Cake",6,White Chocolate Cake with a Red Velvet and White Chocolate Mousse Heart,Safe
3,1,Stuart,s3e1,Tomato and Ginger Upside Down Cake,9,Lemon and Pistachio Union Flag Cake,At risk
3,1,Victoria,s3e1,Pear and Pecan Upside Down Cake,4,Blackbird Pie Cake,Star Baker
3,1,PeterM,s3e1,"Pear, Muscat & Chocolate Upside Down Cake",3,Jubilee Cake,Safe
3,1,Natasha,s3e1,Pineapple & Passion fruit Upside Down Cake,12,Mother's Day Layered Rose Cake,Eliminated
3,2,John,s3e2,"Coriander and Chilli Rotis & Garlic, Pomegranate and Potato Pitas",1,"Fig, Walnut and Gruyere Bagels; Blueberry and White Chocolate Bagels",Star Baker
3,2,Brendan,s3e2,Middle Eastern Taboon Bread & Indian Roti,4,Chocolate and Vanilla Bagels; Cumin and Gruyere Bagels,Did well
3,2,JamesM,s3e2,"Tomato, Garlic, and Parmesan Flatbreads & Tattie scones",2,"Orange, Mint and Chocolate Bagels; 'Millers' Sourdough Bagels",Did well
3,2,Danny,s3e2,Lime Coriander and Coconut Tortillas & Zaatar Naan with Dukkah,3,,Safe
3,2,Cathryn,s3e2,"Spiced Mango Naan & Lime, Coriander and Chilli Tortillas",8,"Cranberry and Orange Bagels; Chipotle, Chilli, and Smoked Cheddar Bagels",Safe
3,2,Ryan,s3e2,Shanghai Spring Onion Flatbreads & Garlic and Coriander Naan,5,Cinnamon and Date Bagels; Tarragon and Rosemary Bagels,Safe
3,2,Sarah-Jane,s3e2,Coconut Roti & Oatcakes,10,,Safe
3,2,Manisha,s3e2,Indian Flatbreads & Italian Flatbreads,6,Chocolate Orange Bagels,Safe
3,2,Stuart,s3e2,Bombay Bread & Chorizo and Spring Onion Naan,9,Cinnamon and Cranberry Bagels; Tomato and Thyme Bagels,At risk
3,2,Victoria,s3e2,Coriander and Lemon Naan & Garlic and Parsnip Chapatis,7,Saffron and Golden Raisin Bagels; Porcini Bagels,At risk
3,2,PeterM,s3e2,Fennel and Nigella seed Naan & Bannock Bread,11,Rosemary and Sea Salt Bagels; Apple and Cinnamon Bagels,Eliminated
3,3,John,s3e3,Apple and Vanilla Tarte Tatin with Walnut Praline,6,"Berries, Grapes, Pomegranate, and Dragon Fruit Tart",Safe
3,3,Brendan,s3e3,Apple and Ginger Tarte Tatin,9,"Blackberry, Nectarine and Dragon Fruit Tart",At risk
3,3,JamesM,s3e3,Apple and Lavender Tarte Tatin,1,"Rose, Lychee and Raspberry Fruit Tart",Star Baker
3,3,Danny,s3e3,Savoury Pear and Roquefort Tarte Tatin,2,"Pineapple, Coconut and Frangipane Tart",Safe
3,3,Cathryn,s3e3,"Plum, Cherry and Five spice Tarte Tatin",3,"Raspberry, Pistachio and Lemon Tart",Safe
3,3,Ryan,s3e3,Spiced Pear Tarte Tatin,5,,Safe
3,3,Sarah-Jane,s3e3,Caramelised Banana Tarte Tatin,8,French Apple Tart with Blackberry and Cassis Jam,Safe
3,3,Manisha,s3e3,"Cinnamon, Apple and Pear Tarte Tatin",10,Rum and Tropical Fruit Tart,Safe
3,3,Stuart,s3e3,Pear and Almond Tarte Tatin,7,Raspberry Triple Chocolate Layered Tart,Did well
3,3,Victoria,s3e3,"Fig, Walnut and Pink peppercorn Tarte Tatin",4,Tropical Fruit Tart with Black Pepper Crust,Eliminated
3,4,John,s3e4,Torte Noir' Black Forest Torte with Boozy Cream,6,Elderflower and Bramble Berry Pavlova,Safe
3,4,Brendan,s3e4,Clementine and Chestnut Torte,1,"Pear, Chocolate and Hazelnut Dacquoise",Star Baker
3,4,JamesM,s3e4,"Hazelnut, Chocolate and Passionfruit Torte",5,"Fig, Chestnut, Cherry and Chocolate Layered Meringue",Safe
3,4,Danny,s3e4,"Blackberry, White Chocolate, Lemon and Elderflower Torte",2,"Monte Bianco' Chestnut, Chocolate and Coffee Dacquoise",Did well
3,4,Cathryn,s3e4,"White Chocolate, Macadamia and Coffee Torte",3,"Gooseberry, Almond and Honey Meringue",Safe
3,4,Ryan,s3e4,Green Tea Opera Torte,7,"Strawberry, Rose and Pistachio Meringue",At risk
3,4,Sarah-Jane,s3e4,Chocolate and Almond Truffle Torte,4,Hazelnut Tiramisu Layered Meringue,Safe
3,4,Manisha,s3e4,"Almond, Chocolate and Cherry Torte",9,Tiramisu Layered Meringue Dessert,At risk
3,4,Stuart,s3e4,Black Forest Torte,8,Choca Blocka Mocha Meringue,Eliminated
3,5,John,s3e5,Venison and Haggis Wellington,2,Star Spangled Pecan pie,Safe
3,5,Brendan,s3e5,Salmon Coulibiac in a Scandinavian Pastry,3,All American Chiffon pie,Did well
3,5,JamesM,s3e5,Four Pig Wellington,6,Sweet Potato Pie,Safe
3,5,Danny,s3e5,"Chickpea, Spinach & Mushroom Wellington",7,Trick or Treat Pumpkin pie,At risk
3,5,Cathryn,s3e5,Full English Wellington,1,Chocolate and Peanut Butter Pumpkin Pie,Safe
3,5,Ryan,s3e5,Curry Spiced Seabass Wellington,8,Key lime pie,Star Baker
3,5,Sarah-Jane,s3e5,Beef Wellington with Parma ham and Gorgonzola cheese,4,Chocolate and Banana Cream Pie,At risk
3,5,Manisha,s3e5,Lamb Wellington with Rosemary and Mint,5,Banana Scotch pie,Eliminated
3,6,John,s3e6,Spicy Toffee Puddings & Raspberry and White Chocolate Puddings,5,Did not complete due to injury[1],At risk
3,6,Brendan,s3e6,"Rhubarb, Strawberry and Ginger Puddings & Sticky toffee puddings",1,"Spinach, Cheese and Walnut Strudel",Star Baker
3,6,JamesM,s3e6,Banana and Clove Puddings & Clootie Dumplings,7,"Strawberry, Rhubarb and Ginger Strudel",At risk
3,6,Danny,s3e6,Banoffee Puddings with Walnut Butterscotch Sauce & Jubilee Chocolate Fondants,2,"Leek, Potato, Pistachio and Gruyère Strudel",Did well
3,6,Cathryn,s3e6,Chocolate Walnut Whip Puddings & Elderflower Sponges,3,"Roasted Vegetable, Couscous and Sheep Cheese Strudel",Safe
3,6,Ryan,s3e6,Chocolate Fondants & Sticky Ginger and Date Puddings,6,"Apple, Sour Cherry, Raisin and Mixed Nuts Strudel",Safe
3,6,Sarah-Jane,s3e6,Sticky Toffee Puddings & Granny's Saucy Lemon Puddings,4,Sweet Strudel with Sour Cherries,At risk
3,7,John,s3e7,Cherry and Almond Saffron buns,3,Marzipan Stollen,At risk
3,7,Brendan,s3e7,Chelsea Bunskis,4,Black Forest Christmas Stollen,Did well
3,7,JamesM,s3e7,Easter Chelsea Buns,1,Whisky Kugelhopf-Brioche Baba,At risk
3,7,Danny,s3e7,Bakewell Chelsea buns,2,European Christmas Wreath,Star Baker
3,7,Cathryn,s3e7,Lady Arundel's Manchet Buns,5,Bonfire Night Tear 'N' Share Brioche,At risk
3,7,Ryan,s3e7,Lardy cakes,6,Char Siu Bao,Eliminated
3,7,Sarah-Jane,s3e7,"Orange, Nutmeg and Saffron Buns",7,Sour Cherry and Dark Chocolate Christmas Plait,Eliminated
3,8,John,s3e8,Asian Spice Crackers,3,Gingerbread Roman Coliseum,Did well
3,8,Brendan,s3e8,Multi-Seed Savoury Crackers,2,Fantasy Gingerbread Bird House,Safe
3,8,JamesM,s3e8,"Smoky Cayenne, Cumin and Chilli Crackers",1,Gingerbread Barn,Star Baker
3,8,Danny,s3e8,Spiced Almond Drinks Crackers,4,Gingerbread Big Ben,At risk
3,8,Cathryn,s3e8,Cheese and Pickle Crackers,5,Gingerbread Buckingham Palace,Eliminated
3,9,John,s3e9,Lemon Madeleines & White Chocolate and Raspberry Tartlets & Dark Chocolate and Cherry Macarons,2,Gateau St. Honoré a la Passion,At risk
3,9,Brendan,s3e9,Coffee Meringue and Hazelnut Creams & Apricot and Pistachio Friands & Lime Curd Choux pastry Cygnets,3,Gateau St. Honoré,Did well
3,9,JamesM,s3e9,"Lemon and Rhubarb Tartlets & Chocolate Indulgence Petits Fours & Chilli, Lime and Raspberry Macarons",1,"Coffee, Caramel and Hazelnut Paris–Brest",Star Baker
3,9,Danny,s3e9,Blackberry and Peppermint Macarons & Miniature Raspberry and Basil Financiers & Orange and White Chocolate Langues de Chat,4,Rosewater and Lychee Gateau St. Honoré,Eliminated
3,10,John,s3e10,Italian Sausage and Roasted Vegetable Pithivier,2,Heaven and Hell Chiffon Cake,Winner
3,10,Brendan,s3e10,Potato and Pepper Pithivier,2,Family Reunion Chiffon Cake,Runner-up
3,10,JamesM,s3e10,Spanish Pithivier with Chorizo and Red Pepper,1,United Chiffon Cakes,Runner-up
4,1,Frances,s4e1,Giant Jam Sandwich,7,Secret Squirrel Cake,Did well
4,1,Kimberley,s4e1,Blood Orange Cake,10,"Chocolate, Raspberry & Basil Layer Cake",Safe
4,1,RubyT,s4e1,Rhubarb and Custard Sandwich Cake,12,Chocolate and Ginger Night Sky Cake,At risk
4,1,Beca,s4e1,Grapefruit Sandwich Cake,8,Chocolate Cherry Indulgence,Safe
4,1,Christine,s4e1,"Strawberry, Vanilla and Rosewater Summer Basket",3,Chocolate and Orange 'Fripperous' Hat Cake,Safe
4,1,Glenn,s4e1,Strawberries and Cream Cake,4,Almond and Espresso Chocolate Cake,Safe
4,1,Howard,s4e1,Gluten Free Passion Fruit and Coconut Cake,6,Black Forest Revisited,Did well
4,1,Rob,s4e1,Pecan and Apple Cake,1,Raspberry Chocolate Cake,Star Baker
4,1,Ali,s4e1,Rose and Pistachio Cake,11,"Chocolate, Raspberry and Passion Fruit Engagement Cake",At risk
4,1,Deborah,s4e1,Pineapple Cake,9,Coffee Time',Safe
4,1,MarkO,s4e1,Lemon and Poppy Seed Cake,5,Chocolate Monster,Safe
4,1,Lucy,s4e1,Timperley Early Cake,2,Thyme 'Wildwood' Cake,Safe
4,1,Toby,s4e1,Spiced and Iced Carrot Cake,13,Two Tiered Chocolate Cake,Eliminated
4,2,Frances,s4e2,Giant Matchsticks,2,Sailor's Knot,Safe
4,2,Kimberley,s4e2,Nigella Seed and Parmesan Breadsticks,1,Peace Bread,Did well
4,2,RubyT,s4e2,Mexican Breadsticks,3,White Chocolate and Orange Peacock Bread,Star Baker
4,2,Beca,s4e2,Fennel and Chilli Breadsticks,11,Five Strand Christmas Wreath,At risk
4,2,Christine,s4e2,Mediterranean Breadsticks with Oregano,4,Double Plaited Loaf,Safe
4,2,Glenn,s4e2,Rosemary and Parmesan Grissini,7,Harvest Crown,Safe
4,2,Howard,s4e2,Moroccan Breadsticks,10,Picasso Sun Bread,Safe
4,2,Rob,s4e2,Twisty Rye Bread Sticks,5,Paul the Psychic Octopus Tribute Loaf,At risk
4,2,Ali,s4e2,Italian Grissini,9,Sweet and Savoury Yin Yang Bread,Safe
4,2,Deborah,s4e2,Fennel & Chilli Breadsticks,8,Walnut Fleur Loaf,Safe
4,2,MarkO,s4e2,Rosemary & Raisin Breadsticks,6,Sage and Garlic Plait,At risk
4,2,Lucy,s4e2,Grissini with Salt,12,Roasted Tomato Bread,Eliminated
4,3,Frances,s4e3,Apple and Blackberry Crumble Trifle,8,Ballet Bites' Ginger Nutcrackers and Sugar Plum Fairy Cakes,Did well
4,3,Kimberley,s4e3,"Peach, Almond and Ginger Trifle",6,Chocolate Pistachio Financiers and Lemon Bergamot Biscuits,Safe
4,3,RubyT,s4e3,Desert Island Trifle,3,Lemon Shortbread and White Chocolate Seashells and Blackberry and Chocolate Layer Cakes,Did well
4,3,Beca,s4e3,Orange and Ginger Trifle,10,Limoncello and Blueberry Bursts and Millionaires' Shortbread,Safe
4,3,Christine,s4e3,Caribbean Pina Colada Trifle,4,Ninety-Niners and Sachertorte Parcels,Star Baker
4,3,Glenn,s4e3,Raspberry and Almond Trifle,1,Billionaire Bouchées and Orange Financiers,Safe
4,3,Howard,s4e3,Caramel and Apple Trifle*,7,Black Coffee and Cardamom Cakes and White Stilton and Pear Biscuits,At risk
4,3,Rob,s4e3,Rhubarb and Orange Trifle,2,Almond Friands and Turón Macarons,Safe
4,3,Ali,s4e3,"Coconut, Raspberry and Lemon Meringue Trifle",5,Vanilla Latte Mini Cakes and Lime & Mint Shortbread Pops,Safe
4,3,Deborah,s4e3,Tropical Trifle*,9,Canelé Cherry and Chocolate Cakes and Rose Cookies,Eliminated
4,3,MarkO,s4e3,"Ginger, Mango and Passion Fruit Trifle",11,Rose and Pistachio Macarons and Chocolate and Raspberry Bites,Eliminated
4,4,Frances,s4e4,Peach Pie In the Sky,1,Cherry Tree Baklava Filo Pie,Safe
4,4,Kimberley,s4e4,Pecan and Rosemary Caramel Apple Pie,4,"Chicken, Bacon and Butternut Squash Pie",Star Baker
4,4,RubyT,s4e4,Apple and Marzipan Pie,6,"Rose, Almond and Raspberry Filo Pie",Did well
4,4,Beca,s4e4,Mamgu's Cherry-Apple Tart (Rhubarb Pie),2,Moroccan Vegetable Filo Feast,Safe
4,4,Christine,s4e4,"Granny Rogers' Apple, Plum & Cinnamon Country Pie",7,Roasted Vegetable Filo Pie with Feta Cheese,Safe
4,4,Glenn,s4e4,Apple & Maple Syrup Pie,9,Spanakopita,At risk
4,4,Howard,s4e4,Apple Pie with Sage Pastry,5,Fresh Fig and Feta Filo Flan,Safe
4,4,Rob,s4e4,Apple and Pear Pie with Thyme,3,Spanakopita with St George's Mushrooms,At risk
4,4,Ali,s4e4,Apple and Ginger Pie with a Pecan and Walnut Shortcrust Pastry,8,"Orange, Cardamom and Date M'Hanncha",Eliminated
4,5,Frances,s4e5,Millionaire Banoffee Bonus,3,Biscuit Buttons and Beads,Safe
4,5,Kimberley,s4e5,Cherry and Almond Bakewell Florentine Slice,7,Black and White Viennese Biscuit Stack,At risk
4,5,RubyT,s4e5,Blackberry and Lemon Bakewell Slice,6,Dropped Ice-Cream' Biscuit Centrepiece,At risk
4,5,Beca,s4e5,"Chocolate, Cherry and Hazelnut Brownies",5,Tiered Macaron and Sugar Dough Biscuit Centrepiece,Safe
4,5,Christine,s4e5,Mixed Berry and Almond Crumble Traybake,1,Shortbread Bavarian Clock Tower,Star Baker
4,5,Glenn,s4e5,Apricot and Pistachio Tiffin,2,Shortbread and Macaron Helter-Skelter,Did well
4,5,Howard,s4e5,Breakfast Traybake,8,Japanese Pagoda Tea Tower,Safe
4,5,Rob,s4e5,Blueberry & Orange Traybake,4,Orange and Lemon Biscuit Dalek,Eliminated
4,6,Frances,s4e6,Chai Tea Loaf,2,Hot Cross Brioches and Rhubarb and Custard Kolaches,Did well
4,6,Kimberley,s4e6,Chai Spiced Ginger and Date Tea Loaf,3,Double Chocolate Brioches with Kumquat Marmalade and Almond and Apricot Danish Kanelsnurrer,Safe
4,6,RubyT,s4e6,Citrus Tea Loaf,1,Twisted Swedish Kanelbullar and Saffron St. Lucia Buns,Star Baker
4,6,Beca,s4e6,Bara Brith,6,Chocolate and Rum-Soaked Prune Brioches and Cardamom Spiced Lemon Iced Buns,Safe
4,6,Christine,s4e6,Oxford Nutty Fruit Loaf,4,Schnecken Buns and Vanilla Custard Skolebrød,Safe
4,6,Glenn,s4e6,Devonshire Panettone,5,Almond and Apricot Brioches and Sticky Caramel Kanelbullen,At risk
4,6,Howard,s4e6,Date & Hemp Yorkshire Loaf,7,Peachy Buns and German Baumschnecken,Eliminated
4,7,Frances,s4e7,Figgy Roll-y Poly Pudding with Caramelised Walnut and Honey Ice-Cream,5,French Framboise Cream Horns & Sheet Music Mille-feuille & Bass Clef Palmiers,Star Baker
4,7,Kimberley,s4e7,Barberry and Apple Spotted Dick with Maple Syrup and White Chocolate Custard,4,"Pear, Malt and Butterscotch Mille-feuille & Blackberry and Lemon Verbena Crème Brûle Custard Tarts & Fig, Orange and Thyme Galette",Safe
4,7,RubyT,s4e7,Plum Jam Roly-Poly with Ginger Ice cream,2,Raspberry and Passion Fruit Mille-feuille & Caramelised Apple Lattice & Portuguese Custard Tarts,Safe
4,7,Beca,s4e7,Spring Lamb and Vegetable Suet Pudding with Redcurrant Gravy,1,Nectarine and Frangipane Squares & Chocolate and Hazelnut Vol-au-vents & Strawberries and Cream Mille-feuille,Did well
4,7,Christine,s4e7,Spotted Dick 'With a Kick' and Vanilla Custard Ice Cream,6,Eccles Cakes & Fresh Fruit Baskets & Lemon Cream Eton Mess Mille-feuille,At risk
4,7,Glenn,s4e7,Prune and Armagnac Pudding with Boozy Butterscotch Sauce,3,Caramelised Apple and Marzipan Tartlets & Chocolate Elephant Ears & Passion Fruit Mille-feuille,Eliminated
4,8,Frances,s4e8,Chelsea Flour Show' Bun Bouquet,3,Hidden Carrot Cake,At risk
4,8,Kimberley,s4e8,Wild Garlic Pesto and Parma Ham Spelt Loaf,2,Butternut Squash and Spice Cake Toadstool House,Did well
4,8,RubyT,s4e8,Mango and Nigella Seed Spelt Cob,1,Carrot Cake and Pistachio Garden Plot,Star Baker
4,8,Beca,s4e8,"Potato, Spelt and Rosemary Focaccia",4,Spiced Butternut Squash and Pecan 'Cheese' Cake,At risk
4,8,Christine,s4e8,"Multi-Seeded Loaf with Pumpkin, Sesame and Sunflower Seeds",5,Sweet Potato Guitar with Passion Fruit Icing and Marshmallow Fondant,Eliminated
4,9,Frances,s4e9,"Légume Canapés (Chantenay Carrots, Choux Pastry Tomatoes, and Cauliflower Cheese Scones)",2,Great British Soap Opera Cake,Did well
4,9,Kimberley,s4e9,Pea Purée Tarts & Crab and Wasabi Profiteroles & Steamed Buns with Barbecue Chicken,1,Passion Fruit and Lime Opera Cake,Star Baker
4,9,RubyT,s4e9,"Beetroot Jelly on Poppy Seed Biscuits & Spinach, Parmesan and Egg Tartlets & Choux Buns with Goat's Cheese and Caramelised Onions",4,"Chocolate, Almond Praline and Saffron Opera Cake",At risk
4,9,Beca,s4e9,Stilton and Walnut Macarons & Beetroot and Salmon Choux Puffs & Welsh Rarebit Tartlets,3,Banoffee Opera Cake,Eliminated
4,10,Frances,s4e10,Rainbow Picnic Pie,3,Midsummer Night's Dream Wedding Cake,Winner
4,10,Kimberley,s4e10,Chicken and Pig Pie,1,Languages of Love Wedding Cake,Runner-up
4,10,RubyT,s4e10,Picnic Basket Pie,2,"Raspberry, Lemon and Passion Fruit Wedding Cake",Runner-up
5,1,Nancy,s5e1,Coffee and Hazelnut Swiss Roll,1,Jaffa Orange Cakes,Star Baker
5,1,Luis,s5e1,Spanish Swiss Roll,7,Raspberry and Lemon Genoise Slices with Lemon Drizzles,Safe
5,1,Richard,s5e1,Pistachio and Strawberry Swiss Roll,10,Miniature Coffee and Walnut Cakes,Did well
5,1,Chetna,s5e1,"Cardamom, Pistachio and Coffee Swiss Roll",3,Tiered Victoria Sponges with Lemon Curd and Raspberry Cream,Safe
5,1,Martha,s5e1,Tiramisu Swiss Roll,2,Mini Lemon and Thyme Drizzle Cakes,Did well
5,1,KateH,s5e1,Red Velvet and White Chocolate Swiss Roll,6,Mini Tiered Victoria Sponges,Safe
5,1,Norman,s5e1,Black Forest Swiss Roll,11,Almond and Raspberry Mini Cakes,Safe
5,1,Diana,s5e1,Mum's Sunday Tea Lemon Curd Swiss Roll,5,Chocolate Ganache Surprises,Safe
5,1,Iain,s5e1,Apricot and Basil Swiss Roll with Mascarpone and White Chocolate Cream,4,"Lemon Drizzle Cakes with Mascarpone Filling, Drizzled Icing, and Candied Lemon",At risk
5,1,Jordan,s5e1,Kawaii Frasier Swiss Roll,12,Lemon Drizzle Cakes with Blueberry and Lemon Curd,At risk
5,1,Enwezor,s5e1,Raspberry and Lemon Swiss Roll,9,Coffee and Walnut Battenberg Squares,Safe
5,1,Claire,s5e1,Chocolatey Orangey Swiss Roll,8,Mini Chocolate and Cherry Cakes,Eliminated
5,2,Nancy,s5e2,Fennel and Rye Thins,2,Hansel and Gretel Scene,Safe
5,2,Luis,s5e2,Black Olive and Rosemary Biscuits with Caramelised Onion Glaze,3,George Versus The Dragon,Did well
5,2,Richard,s5e2,Rosemary Seeded Crackers,1,Pirates!,Star Baker
5,2,Chetna,s5e2,Fenugreek and Carom Crackers,8,Day On The Beach,Safe
5,2,Martha,s5e2,Caramelised Onion and Goat's Cheese Sandwich Biscuits,5,Ski Village Scene,Safe
5,2,KateH,s5e2,Parmesan and Apple Biscuits,4,Tea Time,Safe
5,2,Norman,s5e2,Farthing Biscuits,10,Zulu Boats at Dawn,At risk
5,2,Diana,s5e2,Parmesan Triangles,7,"Express, First Class",Safe
5,2,Iain,s5e2,Za'atar and Fig Biscuits,11,Wild West Scene,Safe
5,2,Jordan,s5e2,"Sourdough, Parmesan and Chilli Biscuits",6,Monster Attack,Safe
5,2,Enwezor,s5e2,Pumpkin and Sunflower Seed Savoury Biscuits,9,Space Adventure Moon Scene,Eliminated
5,3,Nancy,s5e3,Cider and Walnut Crusty Rolls,5,Full English' Stromboli,Safe
5,3,Luis,s5e3,Opposites Attract Rolls,2,Roscón de Reyes,Star Baker
5,3,Richard,s5e3,Rye and Cranberry Rolls,6,Pesto Pinwheel,Safe
5,3,Chetna,s5e3,Onion and Pine Nut Rolls,8,Rolled and Filled Twin Loaf,Safe
5,3,Martha,s5e3,Date and Walnut Rye Rolls,3,Stuffed Sunflower Loaf,Safe
5,3,KateH,s5e3,Orange and Cardamom Rye Bread Knots,1,"Prosciutto, Olive & Coriander Bread",Did well
5,3,Norman,s5e3,Rye Bread Rolls,4,Chicken and Roasted Vegetable Picnic Loaf,At risk
5,3,Diana,s5e3,Rustic Picnic Rolls,7,Sharing Savoury Pinwheel,Safe
5,3,Iain,s5e3,Cranberry and Walnut Rye Bread Rolls,9,Moroccan Plaited with a Bessara Dip,Safe
5,3,Jordan,s5e3,Rye and Spelt Bread Rolls,10,Strawberry Raspberry Cheesecake Brioche,Eliminated
5,4,Nancy,s5e4,Pistachio Puddings with Chocolate Sauce,4,Summer Pudding Alaska,Safe
5,4,Luis,s5e4,Pears in Puddings,2,Bakewell Alaska,Did well
5,4,Richard,s5e4,Black Forest Chocolate Fondants,5,Tiramisu Baked Alaska,Star Baker
5,4,Chetna,s5e4,"Rhubarb, Strawberry and Orange Puddings",3,"Mango, Raspberry and Coconut Baked Alaska",Safe
5,4,Martha,s5e4,Peanut Butter Chocolate Fondants,1,Key Lime Baked Alaska,Safe
5,4,KateH,s5e4,Chocolate and Salted Caramel Molten Puddings,7,"Pistachio, Raspberry and Chocolate Baked Alaska",Did well
5,4,Norman,s5e4,Mini Sticky Toffee Puddings,8,Baked Alaska with Strawberry Surprise,At risk
5,4,Diana,s5e4,Orange and Lemon Curd Pots,9,Raspberry Ripple Alaska Swan,Safe
5,4,Iain,s5e4,"Chocolate, Lime and Raspberry Fondants",6,"Chocolate, Black Sesame Seed and Coffee Caramel Baked Alaska (not presented)",Eliminated
5,5,Nancy,s5e5,Chocolate Crusted Passion Fruit Tart,4,Trio of Apple Pies,Did well
5,5,Luis,s5e5,Tropical Manchester Tart,6,Four Fruity Seasons Tower,Safe
5,5,Richard,s5e5,Fig and Orange Tart,7,Three Course Autumn Pie Feast,At risk
5,5,Chetna,s5e5,Rice Custard Tart with Mangoes and Raspberries,2,Fusion Tiered Pies,Safe
5,5,Martha,s5e5,"Pistachio, Apricot and Honey Custard Tart",1,Three Little Pigs Pie,At risk
5,5,KateH,s5e5,Rhubarb and Custard Tart,3,"Rhubarb, Prune and Apple Pies",Star Baker
5,5,Norman,s5e5,Tarte au Citron,5,Pieful Tower,Eliminated
5,6,Nancy,s5e6,Rum Punch Savarin with Coconut Cream and Tropical Fruits,1,Chocolate and Caramel Dobos Torte,Did well
5,6,Luis,s5e6,Apple and Cinnamon Kugelhopf with Honeyed Apples,3,The Cage on the Rocky Hill,Did well
5,6,Richard,s5e6,Fruity Guglhupf with an Orange Glaze,5,Sugar Forest Dobos Torte,At risk
5,6,Chetna,s5e6,Orange Savarin with Cinnamon Cream,2,Almond Liqueur Dobos Torte with Chocolate Caramel Buttercream,Star Baker
5,6,Martha,s5e6,Dark Chocolate and Almond Liqueur Savarin,4,Chess-Themed Chocolate and Salted Caramel Dobos Torte,Safe
5,6,KateH,s5e6,"Pecan, Chocolate and Sour Cherry Yeast Cake",6,Trio of Dobos Tortes,At risk
5,7,Nancy,s5e7,Spicy Duck Pasties,2,Smoked Salmon & Horseradish and Raspberry Ripple Éclairs,Did well
5,7,Luis,s5e7,Childhood Empanadas,5,Stars and Stripes Éclairs,Safe
5,7,Richard,s5e7,Minted Lamb Pasties,1,Stair of Éclairs: Blueberry and Lavender Éclairs & Raspberry and Rose Éclairs,Star Baker
5,7,Chetna,s5e7,Crispy Lentil Kachori,6,Chocolate & Mango and Lemon Meringue Éclairs,Safe
5,7,Martha,s5e7,Mini Beef Wellingtons,3,Rhubarb & Custard and Maple Syrup & Bacon Éclairs,At risk
5,7,KateH,s5e7,Spinach and Paneer Spicy Samosa,4,Neapolitan and Lemon Meringue Éclairs,Eliminated
5,8,Nancy,s5e8,Lincolnshire Plum Braid,3,Doughnut Family Tree: Limoncello Cream Donuts & Chocolate-Dipped Ring Donuts,At risk
5,8,Luis,s5e8,Black Forest Cherry Tree,2,Cocktail Doughnuts,Did well
5,8,Richard,s5e8,Fruit Swedish Tea Ring,4,Rhubarb and Custard Toffee Apple Doughnuts,Star Baker
5,8,Chetna,s5e8,Date and Walnut Swirl Bread,1,Chocolate Mousse Filled Doughnuts & Braided Doughnuts,Safe
5,8,Martha,s5e8,Spiced Plum Iced Bread Swirl,5,Glazed Lemon and Poppyseed Doughnuts & Chocolate and Passion Fruit Doughnuts,Eliminated
5,9,Nancy,s5e9,Coffee and Chocolate Baklava and Breakfast Baklava,3,Raspberry Nonnettes and Lime and Passion Fruit Entremets,At risk
5,9,Luis,s5e9,Indian Rose Baklava and Halwa Baklava Rolls,1,"Chocolate Mousse & Cherry Entremets and Pomegranate, Fig & Pistachio Sponges",Did well
5,9,Richard,s5e9,Rose and Pistachio Baklava and Walnut and Almond Baklava,2,Hazelnut Mocha Entremets and Pink Grapefruit Entremets,Star Baker
5,9,Chetna,s5e9,Chocolate Orange Baklava and Masala Chai Baklava,4,"Chocolate, Orange & Nut Entremets and Cappuccino Entremets",Eliminated
5,10,Nancy,s5e10,Apple and Lemon Kites & Raspberry and Almond Croissants,1,Red Windmill,Winner
5,10,Luis,s5e10,"Apple, Walnut, Raisin and Cheshire Cheese Chaussons & Pain au Chocolat Blanc with Raspberries and Cream Cheese",2,Village in Chocolate,Runner-up
5,10,Richard,s5e10,Pear Pain au Chocolat & Pain Au Lait,3,Mill on the Hill,Runner-up
6,1,Nadiya,s6e1,Orange and Green Cardamom Madeira Cake,12,Quadruple Chocolate Black Forest Gâteau,Did well
6,1,IanC,s6e1,Somewhere West of Madeira Cake,8,Black Forest Cherry Tree,Safe
6,1,Tamal,s6e1,Pistachio and Rose Madeira Cake,4,Black Forest Gâteau in a Chocolate Shell,Did well
6,1,Flora,s6e1,Blood Orange Madeira Cake,6,Black Forest Gâteau,Did well
6,1,Paul,s6e1,"Lemon, Ginger and Caraway Seed Madeira Cake",10,Black Forest Chocolate Creation,Safe
6,1,Mat,s6e1,Gin and Tonic Madeira Cake,7,Black Forest Gateau,Safe
6,1,Alvin,s6e1,Orange Vanilla and Fig Madeira Cake,2,Black Forest Gâteau,Safe
6,1,Ugnė,s6e1,Lemon and Thyme Madeira Cake,1,Falling Cup Gâteau,At risk
6,1,Sandy,s6e1,Madeira Cake with Almond Liqueur and Chopped Apricots,9,Black Forest Gâteau,Safe
6,1,Dorret,s6e1,Madeira Cake with Candied Lemons,5,Enchanted Forest Gâteau,At risk
6,1,Marie,s6e1,Zingy Citrus Madeira Cake,3,A Walk in the Black Forest,Star Baker
6,1,Stu,s6e1,Marley Madeira Cake,11,Purple Forest Gâteau,Eliminated
6,2,Nadiya,s6e2,"Coconut, Fennel and Pistachio Biscotti",9,Box of Fortunes,Safe
6,2,IanC,s6e2,"Orange, Rosemary and Almond Biscotti",3,Sandwich de la Confiture,Star Baker
6,2,Tamal,s6e2,"Cinnamon, Maple and Cranberry Biscotti",8,Chessboard Box,Safe
6,2,Flora,s6e2,Wedding Biscotti,2,Honey and Earl Grey Tea Box,Safe
6,2,Paul,s6e2,"Chocolate, Hazelnut and Fig Biscotti",10,Memory Box,At risk
6,2,Mat,s6e2,"Pistachio, Cranberry and White Chocolate Biscotti",5,Gingerbread Fire Engine,Did well
6,2,Alvin,s6e2,"Jackfruit, Pistachio and Macadamia Biscotti",6,Gingerbread Box filled with Brandy Snaps,Safe
6,2,Ugnė,s6e2,White Wine Biscotti,7,Baby Climbing into the Cookie Box,Safe
6,2,Sandy,s6e2,Chocolate Chunk and Hazelnut Biscotti,4,Sundried Tomato Cheese Biscuit Box,Did well
6,2,Dorret,s6e2,Almond and Apricot Biscotti with Amber Sugar Crystals,1,Box of Frogs,At risk
6,2,Marie,s6e2,Biscotti Italiano,11,Russian Box,Eliminated
6,3,Nadiya,s6e3,Mexican Bread with Warm Tomato Salsa,9,Snake Charmer's Basket,Safe
6,3,IanC,s6e3,Wild Garlic Pesto Soda Breads,1,Flour Power,Star Baker
6,3,Tamal,s6e3,"Fig, Cheese and Walnut Breads",3,Breadcycle,Safe
6,3,Flora,s6e3,Fig and Hazelnut Rye Breads,2,Herb Couture,Safe
6,3,Paul,s6e3,Cranberry and Orange Sweet Soda Breads,10,King of the Jungle,Did well
6,3,Mat,s6e3,"Jalapeño, Mexican Cheddar and Smoked Salt Soda Breads",8,Curry Inspired Brighton Pavilion,At risk
6,3,Alvin,s6e3,"Prosciutto, Manchego and Balsamic Onion Soda Breads",4,Cornucopia,Did well
6,3,Ugnė,s6e3,Chocolate Quick Breads with Salted Caramel Sauce,5,Easter Basket,Safe
6,3,Sandy,s6e3,Soda Breads with Smoked Bacon and Onion,7,Basket of Bread Flowers with a Walnut and Blue Cheese Centre,Safe
6,3,Dorret,s6e3,Walnut and Stilton Soda Breads,6,Unmade Bread,Eliminated
6,4,Nadiya,s6e4,Cinnamon Tea Crème Brûlées,8,Fizzy Pop Cheesecakes,Did well
6,4,IanC,s6e4,Pomegranate Two Ways Crème Brûlées,4,Trio of Spicy and Herby Baked Cheesecakes,Star Baker
6,4,Tamal,s6e4,Rhubarb and Ginger Crème Brûlées,5,"Mango, Hazelnut and Rosemary Cheesecake Trio",Did well
6,4,Flora,s6e4,Rhubarb and Ginger Crème Brûlées,3,Elderflower and Granola Cheesecakes,Safe
6,4,Paul,s6e4,Almond Crème Brûlées,1,Berry Cheesecake Tower,At risk
6,4,Mat,s6e4,Coconut Crème Brûlées,7,Chocolate Bar Cheesecakes,Safe
6,4,Alvin,s6e4,Blackberry Crème Brûlées,9,Tower of Fruits Cheesecakes,At risk
6,4,Ugnė,s6e4,Marula Fruit and Coffee Liqueur Crème Brûlées,2,"Lime, Coconut and Hazelnut Cheesecakes",Safe
6,4,Sandy,s6e4,Pontefract Crème Brûlées,6,"Cassata, Whisky and Orange & Apple Pie Cheesecakes",Eliminated
6,5,Nadiya,s6e5,Naked Blueberry and Caraway Crunch Cake,1,Chocolate and Strawberry Lime Ice Cream Roll,Star Baker
6,5,IanC,s6e5,Honey and Flowers Cake,5,Dessert Island,Safe
6,5,Tamal,s6e5,Honey and Grapefruit Polenta Cake,7,Passion Fruit and Pineapple Ice Cream Roll,Safe
6,5,Flora,s6e5,"Pistachio, Apple and Cardamom Madeleine Cake",3,Chocolate and Pear Bûche,At risk
6,5,Paul,s6e5,Carrot & Pecan Cake,2,Dessert Island Getaway,Did well
6,5,Mat,s6e5,Sugar Free Carrot Cake,4,Raspberry & Coconut Ice Cream Roll,Safe
6,5,Alvin,s6e5,Pineapple Upside Down Cake,8,"Buko Pandan, Mango and Passion Fruit Ice Cream Roll",Safe
6,5,Ugnė,s6e5,Chocolate and Hazelnut Sugar-Free Cake,6,"Chocolate, Peanut Butter and Grape Jam Roll",Eliminated
6,6,Nadiya,s6e6,"Bay Leaf, Rong Tea and Pear Tart",4,Bengali Korma and Clementine with Cod Vol-au-vents,At risk
6,6,IanC,s6e6,Pear and Raspberry Frangipane Tart,3,Vol-au-vents Terre et Mer,Safe
6,6,Tamal,s6e6,Spiced Pear Frangipane Tart,7,Fennel and Rosemary Pulled Pork and Chicken and Coriander Vol-au-vents,Safe
6,6,Flora,s6e6,Apricot and Rosemary Frangipane Tart,2,Asparagus and Parma Ham and Praline and Chocolate Vol-au-vents,Did well
6,6,Paul,s6e6,Christmas Frangipane Tart,5,Savoury and Sweet Bouchées,Safe
6,6,Mat,s6e6,Piña Colada Frangipane Tart,1,His 'n' Hers Vol-au-vents,Star Baker
6,6,Alvin,s6e6,Plum Frangipane Tart,6,Smoked Salmon En Croûte and Vermouth Chicken à la King Vol-au-vents,Eliminated
6,7,Nadiya,s6e7,Aromatic Raised Game Pie,1,Mango and Raspberry Charlotte Russe,Did well
6,7,IanC,s6e7,Roadkill Pie,5,Victoria's Crown Charlotte Russe,Did well
6,7,Tamal,s6e7,Middle Eastern Game Pie,3,"Spiced Blackberry, Raspberry and Cardamom Charlotte Russe",Star Baker
6,7,Flora,s6e7,Game Pie with Shallot and Apple Chutney,4,"Raspberry, Pomegranate and Champagne Charlotte Russe",Safe
6,7,Paul,s6e7,Not a Boaring Pie,2,Charlotte Rose,At risk
6,7,Mat,s6e7,Raised Venison and Pigeon Pie,6,Strawberry Charlotte Russe,Eliminated
6,8,Nadiya,s6e8,Rose Pistachio and Mocha Hazelnut Horns,1,Bubble Gum and Peppermint Cream Religieuse à l'ancienne,Star Baker
6,8,IanC,s6e8,Mont Blanc & Black Forest Gâteau Horns,2,Nun with Hidden Passions,Safe
6,8,Tamal,s6e8,Lime & Mascarpone and Malt Cream Horns,4,Passionfruit & Mango and Pistachio & Raspberry Religieuse à l'ancienne,Did well
6,8,Flora,s6e8,Peach & Lemon Thyme and Smoked Almond & Butterscotch Cream Horns,3,Lime & Basil and Coconut & White Chocolate Religieuse à l'ancienne,At risk
6,8,Paul,s6e8,Café Tipple & Banana Crunch-away Horns,5,Religieuse à l'ancienne,Eliminated
6,9,Nadiya,s6e9,Peanut Salted Caramel and Chocolate Tart,4,Peacock in Nan's Door,Star Baker
6,9,IanC,s6e9,Chocolate and Bay Tart,3,Chocolate Well,At risk
6,9,Tamal,s6e9,Chocolate New York Pie,2,Chocolate Bell Tower,Did well
6,9,Flora,s6e9,Passion Fruit and Chocolate Tart,1,Cocoa Carousel,Eliminated
6,10,Nadiya,s6e10,Cardamom and Almond Buns & Nutmeg and Sour Cherry Fingers,1,My Big Fat British Wedding Cake,Winner
6,10,IanC,s6e10,Elderflower and Lemon & Spiced Buns,2,Colossal Curvy Carrot Cake,Runner-up
6,10,Tamal,s6e10,Cinnamon and Apple & Toffee and Marmalade Iced Buns,3,Sticky Toffee Pudding Cake,Runner-up
7,1,Candice,s7e1,Raspberry and Rhubarb Drizzle Custard Bundt Cake,5,"Mirror Mirror On The Wall, Who Is The Shiniest Cake Of Them All?",At risk
7,1,Andrew,s7e1,Lemon and Rosemary Drizzle Cake,12,Ultimate Indulgence' Mirror Glaze Cake,Safe
7,1,Jane,s7e1,Lemon and Poppy Seed Drizzle Cake,7,Chocolate Orange Mirror Cake,Star Baker
7,1,Selasi,s7e1,Citrus and Spice Drizzle Cake,1,"Raspberry, Sloe and White Chocolate Mirror Glaze Cake",Did well
7,1,Benjamina,s7e1,"Pistachio, Cardamom and Lemon Drizzle Cake",6,White Chocolate Mirror Glaze with Salted Praline Buttercream,Did well
7,1,TomG,s7e1,G&T Drizzle Cake,2,Black Forest Broken Mirror,Safe
7,1,Rav,s7e1,Ginger Spice Yuzu Drizzle Cake,8,Colombian Mocha Mirror Glaze Cake,Safe
7,1,Val,s7e1,Mum's Orange and Lemon Drizzle,10,Chocolate Sponge with Four Fruit Frosting,At risk
7,1,KateB,s7e1,Berry Best Apple and Bramble Drizzle Cake,4,One Swallow Does Not Make A Summer Cake,Safe
7,1,MichaelG,s7e1,"Lime, Ginger and Honey Drizzle Cake",3,Matcha Tea Chocolate Mirror Glaze,Safe
7,1,LouiseW,s7e1,Orange Liqueur and Lemonade Drizzle Cake,9,White Chocolate Trifle Mirror Glaze Cake,Safe
7,1,Lee,s7e1,St. Clements Orange and Lemon Drizzle Cake,11,Strawberry Surprise Mirror Cake,Eliminated
7,2,Candice,s7e2,"Salted Caramel, Chocolate Iced Shiny Hearts",8,Gingerbread Pub with Sticky Ginger Carpet,Star Baker
7,2,Andrew,s7e2,Beehive Biscuits,4,Punting in Cambridge,Did well
7,2,Jane,s7e2,Flower Pot Iced Biscuits,2,Hastings Old Town Fishing Net Shops and Boat,Safe
7,2,Selasi,s7e2,Wheelie Hot Iced Biscuits,11,Stained Glass Window Gingerbread Church,Safe
7,2,Benjamina,s7e2,Bouquet Biscuits,3,"New York, New York",Safe
7,2,TomG,s7e2,Chai Frappelatteccino Biscuits,7,Tom and Pod's Near Death Experience,Safe
7,2,Rav,s7e2,Union Jack Bunting Biscuits,6,Gingerbread Christmas Fairground,Safe
7,2,Val,s7e2,Sunday Treat Iced Ice Cream Cone Biscuits,5,From Holland to New York via Yorkshire,At risk
7,2,KateB,s7e2,A Biscuit for the Broads,1,I Promise I Will Do My Best,Safe
7,2,MichaelG,s7e2,"Malt, Chocolate and Orange Iced ""Beer"" Biscuits",9,Trip to See Santa in Lapland,Safe
7,2,LouiseW,s7e2,Baa Bara Brith Biscuits,10,Gingerbread Wedding,Eliminated
7,3,Candice,s7e3,"Chocolate, Salted Caramel & Pecan Brittle Brioche Loaf",3,Italian Light and Dark Rye Twist,At risk
7,3,Andrew,s7e3,Chocolate Barmbrack Bread,2,Braided Harvest Bread Basket,Did well
7,3,Jane,s7e3,Chocolate and Cranberry Couronne,9,Chorizo and Chilli Flower with Parmesan and Pesto Centre,Safe
7,3,Selasi,s7e3,"Chocolate, Orange and Cinnamon Bread",5,Bedouin Escape Tear and Share Bread,Safe
7,3,Benjamina,s7e3,"Chocolate, Tahini and Almond Babka",6,Braided Bread Heart,Safe
7,3,TomG,s7e3,Chocolate Orange and Chilli Swirl Bread,4,Jörmungandr and Mjölnir,Star Baker
7,3,Rav,s7e3,"Chocolate, Cardamom and Hazelnut Loaf",10,Three Tier Diwali Bread Centrepiece,Safe
7,3,Val,s7e3,Double Chocolate Cinnamon Twist Loaf,1,And They All Went Into The Ark To Get Out Of The Rain,At risk
7,3,KateB,s7e3,Cobbled Loaf,8,The Corn Maiden,Did well
7,3,MichaelG,s7e3,Chocolate and Chilli Swirl Plait,7,Cypriot Dove and Olive Branch Plaited Loaf with Houmous,Eliminated
7,4,Candice,s7e4,Yorkshire Wellingtons,2,Two-Way Peanut Butter Churros,Safe
7,4,Andrew,s7e4,Yorkshire 'Tapas' Puddings,4,Churros Window Box,Did well
7,4,Jane,s7e4,Meat and Two Veg Yorkshires,3,Pistachio and White Chocolate Churros,Safe
7,4,Selasi,s7e4,Perfect Sunday Roast Accompaniment,8,Lemon and Anise Churros,Safe
7,4,Benjamina,s7e4,"Red Onion Chutney, Brie and Bacon Yorkshire Puddings",1,Tropical Churros,Star Baker
7,4,TomG,s7e4,West Yorkshire Fusion Puddings,5,Fennel Churros Snake In The Grass,At risk
7,4,Rav,s7e4,Thai Tofu Panang Yorkshires,9,Three Dip Matcha Pistachio Churros,At risk
7,4,Val,s7e4,Mum's Chilli Yorkshire Puddings,6,Orange Chocolate Churros,Safe
7,4,KateB,s7e4,Christmas Dinner Compromise,7,Hot Cross Bunny Churros,Eliminated
7,5,Candice,s7e5,"Danish Pastry Croque Monsieur Kites and Cinnamon Apple, Vanilla Crème Rose Danish",2,"Sausage, Black Pudding and Apple Rounds and Banoffee Whiskey Cups",Star Baker
7,5,Andrew,s7e5,Mum and Dad's Breakfast Pastries,6,Spicy Chorizo Squash Parcels and Baklava Bites,Safe
7,5,Jane,s7e5,"Orange Pain au Raisins, Raspberry, Chocolate and Almond Danish",1,"Roquefort, Fig and Walnut Parcels and Cherry and Chocolate Cones",Did well
7,5,Selasi,s7e5,"Rhubarb, Mango and Ginger Plait, and Pineapple and Coconut Pinwheels",3,"Parma Ham, Asparagus and Cheese Filo Cigars and Coffee Cream Filo Cups",Safe
7,5,Benjamina,s7e5,Good Morning America' Swirls and Peanut Butter and Banana Pinwheels,5,Plantain and Spinach Samosas and Chai Pear Cups,Safe
7,5,TomG,s7e5,Mega Breakfast Bonanzas; Granola Spirals and Wheat Foldovers,4,Yin and Yang Amuse-bouche,At risk
7,5,Rav,s7e5,"Cinnamon Swirls and Pecan, Walnut and Maple Plaits",8,Chinese Style Prawn Filo Tartlets and Spiced White Chocolate and Hazelnut Samosas,Safe
7,5,Val,s7e5,"Pecan and Maple Syrup Pinwheels and Apple, Sultana and Cinnamon Swirls",7,"Caramelised Red Onion, Goats Cheese Tartlets and Mincemeat and Apple Spiced Parcels",Eliminated
7,6,Candice,s7e6,"Lime, Coconut and Lemongrass Sugar Meringue Pie",5,Four Seasons Cake,Did well
7,6,Andrew,s7e6,Tangy Lime and Ginger Meringue Pie,6,Spring Elderflower Trio,At risk
7,6,Jane,s7e6,Lime and Coconut Meringue Pie,4,Three Tier Orange Cake with a Floral Chocolate Collar,Safe
7,6,Selasi,s7e6,"Grapefruit, Orange and Mint Meringue Pie",7,Three Tiered Ombré Floral Cake,Did well
7,6,Benjamina,s7e6,Grapefruit and Ginger Meringue Pie,2,Floral Tea Cake,Safe
7,6,TomG,s7e6,Blood Orange Halloween Pumpkin Pie,1,Floral Tea Cake,Star Baker
7,6,Rav,s7e6,Mandarin Margarita Meringue Pie,3,Blossom Cake,Eliminated
7,7,Candice,s7e7,Crowd Pleaser Roulade,2,Blackberry and Raspberry Bubbles and After Dinner Mousse,Safe
7,7,Andrew,s7e7,Tropical Holiday Roulade,1,Childhood Ice Cream Mousse Cakes,Star Baker
7,7,Jane,s7e7,Chocolate and Hazelnut Roulade,4,"Chocolate, Coffee, and Vanilla Joconde Cakes and Blackcurrant and Vanilla Ombré Mousses",Safe
7,7,Selasi,s7e7,Summer Picnic Roulade,6,"Lemon, Raspberry and Passionfruit and Chocolate and Mint Mini Mousse Cakes",At risk
7,7,Benjamina,s7e7,Piña Colada Roulade,3,Apple Crumble Mousse Cake and Chocolate Coffee Mousse Cake,Did well
7,7,TomG,s7e7,Millionaire's Roulade,5,Hipster Picnic,Eliminated
7,8,Candice,s7e8,Cheesy Cheeky Fish Pies,1,Peacock,Star Baker
7,8,Andrew,s7e8,Da Vinci Inspired Geared Pies,2,Jousting Knights Marchpane,Safe
7,8,Jane,s7e8,Tudor Rose Pies,5,Swans,Did well
7,8,Selasi,s7e8,Bouquet of Flowers,3,Fruity Tudor Marchpane,At risk
7,8,Benjamina,s7e8,Mexican Adventure,4,Tudor Garden,Eliminated
7,9,Candice,s7e9,"Red Onion, Cambozola and Walnut Palmiers and Mushroom, Streaky Bacon, and Parmesan Palmiers",3,Chocolate Praline Fondant Fancies and Cherry Bakewell Fondant Fancies,Did well
7,9,Andrew,s7e9,Cheesy Elephant Ears and Herby Treble Clefs,2,Philharmonic Fondants,Star Baker
7,9,Jane,s7e9,"Pesto and Sundried Tomato Palmiers and Goats Cheese, Olive and Parma Ham Palmiers",1,Pistachio and Raspberry Fondant Fancies and Lemon Curd Surprise Fondant Fancies,At risk
7,9,Selasi,s7e9,"Sundried Tomato, Onion, Peppers and Parmesan Palmiers and Salmon, Spinach and Mushroom Palmiers",4,Lime and Ginger Fondant Fancies and Pink Velvet and Raspberry Prosecco Fondant Fancies,Eliminated
7,10,Candice,s7e10,Queen Victoria's Mango and Strawberry Crown,2,Picnic for Pearly Kings and Queens,Winner
7,10,Andrew,s7e10,Crunchy Caramel Cassis Crown,1,Family and Friends' Favourites Picnic,Runner-up
7,10,Jane,s7e10,"Red, White and Blue Meringue Crown",3,Family Favourites Feast,Runner-up
8,1,Sophie,s8e1,Pineapple and Coconut Sandwich Cake,5,Champagne Bottle and Bucket' Cake,Did well
8,1,KateL,s8e1,Moroccan Strawberry and Rose Cake,1,Chocolate Terrarium' Cake,Safe
8,1,Steven,s8e1,Bonfire Night Cake,6,A Baker's Lunch' Cake,Star Baker
8,1,Stacey,s8e1,Granny Smith Apple and Walnut Cake,11,Black Evening Clutch Bag' Cake,At risk
8,1,Liam,s8e1,Apple and Almond Crumble Maple Loaf,8,Stackin' Sunday' Cake,Safe
8,1,Yan,s8e1,Windfall Apple Crumble Cake,4,Banana-ramen' Cake,Safe
8,1,Julia,s8e1,Courgette and Lemon Cake,3,Russian Doll' Cake,Safe
8,1,JamesH,s8e1,"Orange, Rhubarb & Ginger Crumble Cake",2,Mock-accino and Croissant' Cake,Safe
8,1,TomH,s8e1,Gilded Pear and Cardamom Cake,7,Stack of Books' Cake,Safe
8,1,Flo,s8e1,Citrus Layer Cake,9,One in a Melon' Cake,Did well
8,1,Chris,s8e1,Tropical Fresh Fruit Cake,12,Raised Pork Pie and Egg Surprise' Cake,At risk
8,1,PeterA,s8e1,Coconut Cake,10,Bread on a Breadboard' Cake,Eliminated
8,2,Sophie,s8e2,Lemon Limoncino Sandwich Biscuits,2,Snakes and Ladders' Game,Did well
8,2,KateL,s8e2,Coconut Seashells for a Titanic Afternoon Tea,8,Jungle' Game,At risk
8,2,Steven,s8e2,Amarpressi Biscuits,6,Check Bake' Game,Star Baker
8,2,Stacey,s8e2,Sparkly Chocolate and Marshmallow Fluff Cookies,9,Get to School' Game,At risk
8,2,Liam,s8e2,Coffee Malted Pecan Shorties,7,Classroom Classics' Game,Safe
8,2,Yan,s8e2,Mrs. Marian's PB 'n' B' Biscuits,1,Adventures in Bakeland' Game,Safe
8,2,Julia,s8e2,Middle Eastern Delight Sandwich Biscuits,4,A British Baking' Game,Safe
8,2,JamesH,s8e2,Rhubarb and Custard Whirls,3,Coppit' Game,Safe
8,2,TomH,s8e2,Coffee and Amaretto Kisses,5,Drain Pipes and Ladders' Game,Did well
8,2,Flo,s8e2,Gin Jam Butties,10,Pick My Bones' Game,At risk
8,2,Chris,s8e2,Chocolate Chia Seed Biscuits with Whisky Caramel Filling,11,The Great British Sail Off' Game,Eliminated
8,3,Sophie,s8e3,Tagine Teacakes,6,Picnic Basket' Bread Sculpture,Safe
8,3,KateL,s8e3,Blueberry Buns,10,Kraken' Bread Sculpture,Safe
8,3,Steven,s8e3,Madras Cocktail Teacakes,3,The Bag I Knead' Bread Sculpture,Did well
8,3,Stacey,s8e3,Cranberry and Cinnamon Teacakes,1,Ascot Hat' Bread Sculpture,Safe
8,3,Liam,s8e3,Jamaican Spiced Teacakes,5,Kneadapolitan' Bread Sculpture,At risk
8,3,Yan,s8e3,Mrs P's' Masala Chai Spiced Teacakes,8,Basil the Vegetarian Dragon with his Pumpkin Hoard' Bread Sculpture,Safe
8,3,Julia,s8e3,Earl Grey Dried Fruit Teacakes,2,The Snail Under a Mushroom' Bread Sculpture,Star Baker
8,3,JamesH,s8e3,Nordic Teacakes,9,Owl in the Woods' Bread Sculpture,Safe
8,3,TomH,s8e3,Orange and Cranberry Teacakes,4,Pink & Yellow Rose Centrepiece' Bread Sculpture,Safe
8,3,Flo,s8e3,Cinnamon and Orange Teacakes,7,Davy Jones' Locker' Bread Sculpture,Eliminated
8,4,Sophie,s8e4,Jaffa Millionaire Shortbreads,4,Bird's Nest Caramel Cake,Safe
8,4,KateL,s8e4,Salted Bay Caramel Millionaire Shortbreads,6,Sticky Toffee Apple Caramel Cake,Star Baker
8,4,Steven,s8e4,Orange Macadamia Nut Millionaire Shortbreads,7,Caramel Crown Cake,Safe
8,4,Stacey,s8e4,Rum Salted Caramel Millionaire Shortbreads,1,Chocolate and Coffee Caramel Cake,Safe
8,4,Liam,s8e4,Salted Peanut Butter Millionaire Shortbreads,3,White Layered Ginger Caramel Cake,Did well
8,4,Yan,s8e4,Lil' Red's Ginger and Nuts' Millionaire Shortbreads,8,Animals of the Rainforest Caramel Cake,Safe
8,4,Julia,s8e4,Pecan Salted Caramel Millionaire Shortbreads,9,Poppy Seed Caramel Cake,Safe
8,4,JamesH,s8e4,Windy City' Millionaire Shortbreads,2,Nutty Caramel Cake,At risk
8,4,TomH,s8e4,Stem Ginger Caramel Shortbreads,5,Hummingbird cake,Eliminated
8,5,Sophie,s8e5,"Ginger, Fig and Honey Steamed School Pudding",1,"Raspberry, Yuzu & White Chocolate Bûche Trifle Terrine",Star Baker
8,5,KateL,s8e5,Mr Darcy's Steamy Lake Scene' Steamed School Pudding,8,My Great Great Nan's' Raspberry Trifle Terrine,Safe
8,5,Steven,s8e5,Lemon & Blackcurrant Drizzle Steamed School Pudding,5,From Across the Jelly Pond' Trifle Terrine,Safe
8,5,Stacey,s8e5,Bakewell Tart Steamed School Pudding,4,Tropical Trifle Terrine,Did well
8,5,Liam,s8e5,Cherries & Lemons that are 'Baked Well',2,Cheers Lads' Trifle Terrine,At risk
8,5,Yan,s8e5,Mango Fruit Hat Steamed School Pudding,6,Heart of a Hero' Trifle Terrine,Safe
8,5,Julia,s8e5,Orange & Treacle Steamed School Pudding,3,Opulent Ornament' Trifle Terrine,At risk
8,5,JamesH,s8e5,Orange and Ginger Steamed School Pudding,7,The Missed Silver Jubilee' Trifle Terrine,Eliminated
8,6,Sophie,s8e6,The Four Seasons' Decorative Pies,2,Game Pie with Glazed Forest Fruits,Did well
8,6,KateL,s8e6,Vegetarian Pie Faces' Decorative Pies,5,Potato Curry Pie with Mango & Chilli Glaze,Safe
8,6,Steven,s8e6,Fleetwood Mac' Decorative Pies,3,Christmas Pie,Safe
8,6,Stacey,s8e6,Love Theme' Decorative Pies,6,Indian Hand Raised Pie with Mango,At risk
8,6,Liam,s8e6,Standard FC' Decorative Pies,4,Nan's Sunday Dinner' Pie,Star Baker
8,6,Yan,s8e6,πr2' Decorative Pies,1,Chequerboard Pie,Did well
8,6,Julia,s8e6,Pies from the Tree' Decorative Pies,7,Special Occasion' Pie,Eliminated
8,7,Sophie,s8e7,Classics with a Twist' Cannoli,3,Classics' Sfogliatelle,Did well
8,7,KateL,s8e7,Happy Hour' Cocktail Cannoli,6,Flavour Fusion' Sfogliatelle,At risk
8,7,Steven,s8e7,Italian Style Cannoli,1,Sicilian-style' Sfogliatelle,Star Baker
8,7,Stacey,s8e7,My All Time Favourite Desserts,4,Pastry Surprise,At risk
8,7,Liam,s8e7,Just Doing Me' Cannoli,2,Morning Delivery' Sfogliatelle,Did well
8,7,Yan,s8e7,Cannoli Cocktails,5,Canadian-Style Sfogliatelle,Eliminated
8,8,Sophie,s8e8,Char Siu & Banana Praline Bedfordshire Clangers,4,Citrus with Green Apple Croquembouche Savoy Cake,Safe
8,8,KateL,s8e8,Burrito Bedfordshire Clangers,2,Liver Building Turret' Savoy Cake,At risk
8,8,Steven,s8e8,Mediterranean Medley' Bedfordshire Clangers,1,Chestnut Rum Savoy Cake,Did well
8,8,Stacey,s8e8,Camembert & Onion and Apple & Blueberry Bedfordshire Clangers,3,Bright' Lemon & Orange Savoy Cake,Star Baker
8,8,Liam,s8e8,Take Out' Bedfordshire Clangers,5,Fort Wizardore' Savoy Cake,Eliminated
8,9,Sophie,s8e9,Strawberry & Rhubarb and Chestnut & Vanilla Choux Buns,1,Tutu with Opera Filling' Meringue Centrepiece,Star Baker
8,9,KateL,s8e9,Bellini and Valencian Orange Choux Buns,4,Rainbow' Meringue Centrepiece,Did well
8,9,Steven,s8e9,Key Lime Cheesecake and Bakewell Tart Choux Buns,3,Some Air Over the Rainbow' Meringue Centrepiece,At risk
8,9,Stacey,s8e9,Choux-nicorn and Choux-moji' Choux Buns,2,Flamingos in Love' Meringue Centrepiece,Eliminated
8,10,Sophie,s8e10,"Spelt Boules, Mushroom Ciabatta & Orange Plaited Brioche",2,Ode to the Honey Bee' Entremet,Winner
8,10,KateL,s8e10,"Roman Spelt, Coconut Kala Chana and Flower Breads",3,"White Chocolate, Yuzu and Lychee Entremet",Runner-up
8,10,Steven,s8e10,"Spelt & Rye, Toasted Garlic & Fontina and Sweet Chocolate Breads",1,Yin Yang' Entremet,Runner-up
9,1,Rahul,s9e1,Fennel and Coconut Pitcaithly Bannock,7,First Spring in the UK,Safe
9,1,Kim-Joy,s9e1,Orange Blossom York Biscuits,10,Me at Miyajima Shrine,Safe
9,1,RubyB,s9e1,Masala Chai Devon Flats,1,Gingerbread Marathon Selfie,At risk
9,1,Briony,s9e1,Apple Cider Empire Biscuits,2,Bristol Biscuit Selfie,Did well
9,1,Manon,s9e1,Hazelnut Cornish Shortbread,3,Matcha and White Chocolate Ganache Japanese Selfie,Star Baker
9,1,Jon,s9e1,Aberffraw 'Creams',5,A Sailing Selfie by the Sea,Safe
9,1,DanBH,s9e1,Lemon and Strawberry Shrewsburys,4,New Dad in Palm Springs,Safe
9,1,Karen,s9e1,Yorkshire Perkins,6,"Rosewater and Cardamom ""Holiday Selfie""",Safe
9,1,Terry,s9e1,Lake District Ginger Shortbread,9,Brandy Snap Selfie,At risk
9,1,Antony,s9e1,Turmeric and Caraway Goosnargh Cakes,12,Kilimanjaro Selfie,Safe
9,1,Luke,s9e1,Yorkshire Gingernuts,8,What Happens In Vegas...!,Safe
9,1,Imelda,s9e1,Cherry and White Chocolate Oatmeal Biscuits,11,Seaside Selfie,Eliminated
9,2,Rahul,s9e2,Lemon and Cardamom Traybake,2,Chocolate Orange Layer Cake,Star Baker
9,2,Kim-Joy,s9e2,Pandan Chiffon Cake with Palm Sugar Cream,4,Yuzu and Raspberry Genoise Cat Cake,Safe
9,2,RubyB,s9e2,Boozy Black Forest Traybake,10,"Chocolate Orange ""Jackson Pollock"" Collar Cake",Safe
9,2,Briony,s9e2,Turron and Orange Traybake,5,Chocolate Fudge and Salted Caramel Creation,At risk
9,2,Manon,s9e2,Rosemary and Honey Traybake,6,Almond Princess Cake,Safe
9,2,Jon,s9e2,Lemon Meringue Traybake,1,Hawaiian Shirt Pina Colada Cake,Did well
9,2,DanBH,s9e2,Black Forest Slice,3,Dark Chocolate and Raspberry Birthday Cake,Did well
9,2,Karen,s9e2,Almond and Marzipan Traybake with Rhubarb Jam,11,Strawberry Fayre Chocolate Cake,Safe
9,2,Terry,s9e2,Rum and Raisin Traybake,8,Champagne and Strawberries Eiffel Tower Collar Cake,At risk
9,2,Antony,s9e2,Cardamom and Coconut Burfi Traybake,9,"Pistachio, Saffron and Rose Cake",Safe
9,2,Luke,s9e2,Lemon and Poppy Seed Traybake,7,Raspberry and White Chocolate Collar Cake,Eliminated
9,3,Rahul,s9e3,Mango and Cranberry Chelsea Buns,4,Garden Wedding Korovai,Star Baker
9,3,Kim-Joy,s9e3,Pistachio and Cardamom Tangzhong Chelsea Buns,10,"Orange, Cinnamon and Cranberry 'Kit-ovai'",Safe
9,3,RubyB,s9e3,"Gujarela Chelsea Buns with Dates, Almonds and Raisins",7,Mama and Papa's Belated Wedding Korovai,Safe
9,3,Briony,s9e3,Balsamic Strawberry Chelsea Buns,9,Happily Ever After Korovai,At risk
9,3,Manon,s9e3,"Apricot, Cranberry and Marzipan Chai Chelsea Buns",3,Fabergé Inspired Traditional Korovai,Safe
9,3,Jon,s9e3,Cardiff City vs Chelsea Buns,2,Korovai Dydd Dewi Sant,Safe
9,3,DanBH,s9e3,Sticky Spiced Orange Chelsea Buns,6,Wedding Korovai,Did well
9,3,Karen,s9e3,Peak District Christmas Chelsea Buns,5,French Breakfast Wedding Korovai,Safe
9,3,Terry,s9e3,Tangy Citrus Sticky Chelsea Buns,1,Garden Korovai,Safe
9,3,Antony,s9e3,Decadent Breakfast Chelsea Buns,8,Chocolate and Orange Adventure Korovai,Eliminated
9,4,Rahul,s9e4,Rhubarb and Custard Roulade,4,Opera Cake with Kalash Inspired Dome,Did well
9,4,Kim-Joy,s9e4,Sweet Dreams' Roulade,6,Melting Chocolate Galaxy,Safe
9,4,RubyB,s9e4,Pina Colada Roulade,2,Chocolate Egg,Safe
9,4,Briony,s9e4,Treacle Tart Roulade,5,Blood Orange & Amaretto Sticky Toffee Sphere,At risk
9,4,Manon,s9e4,Amarene and Kirsch Cherry Roulade,8,White Chocolate Renaissance Surprise,Safe
9,4,Jon,s9e4,Mango and Passion Fruit Roulade,3,Lucy and Hannah's Ballet Cake,Did well
9,4,DanBH,s9e4,Florida Roulade,1,Dan and the Giant Peach,Star Baker
9,4,Karen,s9e4,Coffee Cream and Praline Roulade,7,Chateau Du Chambord Framboise,At risk
9,5,Rahul,s9e5,Bonfire Night Caramel Ginger Cake,3,Durga Puja Cardamom Chandelier,Did well
9,5,Kim-Joy,s9e5,Stem Ginger Cake with Poached Pears,4,Christmas Spiced Ice Chandelier,Star Baker
9,5,RubyB,s9e5,Jamaican Me Crazy Ginger Cake,1,Peacock Chandelier,Safe
9,5,Briony,s9e5,Honey and Apricot Ginger Cake,6,Turmeric Latte Chandelier,At risk
9,5,Manon,s9e5,Italian Meringue Ginger Cake,5,Art Deco Spiced Biscuit Chandelier,Safe
9,5,Jon,s9e5,Family Christmas Ginger Cake,7,Birthday Chandelier for Emily's 21st,At risk
9,5,DanBH,s9e5,Ginger and Lemon Drip Cake,2,Birthday Kaleidoscope for Constance,Safe
9,5,Karen,s9e5,Bonfire Night Ginger Cake,9,Pontefract Girls' School Reunion,Eliminated
9,5,Terry,s9e5,Caramelised Pear and Stem Ginger Cake,8,12 Days of Christmas Chandelier,Eliminated
9,6,Rahul,s9e6,Paneer Singara and Misti Singara,3,Butterfly Pie,Did well
9,6,Kim-Joy,s9e6,Flavours of India,5,Silke the Vegetarian Mermaid,Safe
9,6,RubyB,s9e6,Traditional Samosas,7,Kohinoor Crown,Did well
9,6,Briony,s9e6,Home Comforts,1,Down the Rabbit Hole Banquet Pie,Star Baker
9,6,Manon,s9e6,Samosas for Mum,4,What Has Poppy Eaten?,At risk
9,6,Jon,s9e6,"A Romantic Dinner For Two, Samosa Style",2,Welsh Dragon Pie,Safe
9,6,DanBH,s9e6,Festive Samosas,6,Salmon Coulibiac,Eliminated
9,7,Rahul,s9e7,Coriander Posto & Veg Tartlets and Ghugni Chaat Tartlets,1,Chocolate & Coconut Layer Cake with Raspberry Jam,Did well
9,7,Kim-Joy,s9e7,Broccoli & Tomato Quiches and Mascarpone Squirrel Tartlets,6,Lavender & Lemon Fox Cake,Star Baker
9,7,RubyB,s9e7,Sage & Butternut Tartlets and 'Cheesy Greens' Tartlets,3,"Chocolate, Lemon & Coconut Cake",At risk
9,7,Briony,s9e7,French Onion Tartlets and Celeriac & Apple Tartlets,5,Hazelnut Mocha Cake,Safe
9,7,Manon,s9e7,Summer & Winter Tartlets,2,Spiced Apple Cake,Safe
9,7,Jon,s9e7,Garlic Mushroom Tartlets and Falafel & Hummus Tartlets,4,Only Fools Eat Horses Cake,Eliminated
9,8,Rahul,s9e8,Smoked Salmon & Roasted Vegetable Smørrebrød,5,Indian King Kagemand,At risk
9,8,Kim-Joy,s9e8,Bumblebee Eggs & Fish Smørrebrød,2,Off to the Opera Kagekone,At risk
9,8,RubyB,s9e8,Post-Gym Smørrebrød,3,Sister Kagekone,Star Baker
9,8,Briony,s9e8,Spanish & West Country Smørrebrød,1,Nana Pat Kagekone,Did well
9,8,Manon,s9e8,Cheese and Fruit Smørrebrød,4,Birthday Girl Kagekone,Eliminated
9,9,Rahul,s9e9,Lemon and Raspberry Madeleines and Orange Curd Madeleines,4,Classic Tribute to Pâtisserie Window,At risk
9,9,Kim-Joy,s9e9,Ginger and Lemon Madeleines and Orange Bunny Madeleines,2,Flavourite Flavours Window Display,Did well
9,9,RubyB,s9e9,Pick your own madeleines,1,Parisian Un Bouquet de Fleurs Window Display,Star Baker
9,9,Briony,s9e9,Mojito Madeleines and Espresso Martini Madeleines,3,British Tea to French Pâtisserie Window,Eliminated
9,10,Rahul,s9e10,Mango Créme Pâtissière Filled Doughnuts & Spiced Orange Ring Doughnuts,2,Edible Rock Garden,Winner
9,10,Kim-Joy,s9e10,Amaretto Diplomat Filled Doughnuts & Lemon Ring Doughnuts,1,Lost City of Atlantis Dessert Landscape,Runner-up
9,10,RubyB,s9e10,Dulce De Leche Filled Doughnuts & Raspberry and Cardamom Ring Doughnuts,3,Magical Edible Landscape,Runner-up
10,1,DavidA,s10e1,Squishy Squashy Fruit Cake,10,Snakey Birthday Cakey,Safe
10,1,Alice,s10e1,Gingerbread Fruit Cake Wreath,5,Like a Child in a Sweetshop Cake,Safe
10,1,Steph,s10e1,Great Grandma's Fruit Cake,3,A Sundae on the Beach Cake,Did well
10,1,Rosie,s10e1,Spicy Chai Loaf,2,Magical Jungle Cake,Safe
10,1,Henry,s10e1,Wood Street Cake,1,Secret Woodland Cake,Safe
10,1,MichaelC,s10e1,Cup of Chai Cake,11,Treasure Chest Cake,Safe
10,1,Priya,s10e1,Sunshine Fruit Cake,7,Once Upon a Time Cake,Safe
10,1,Helena,s10e1,Fruit Bat Cake,12,Away with the Fairies Cake,Safe
10,1,Michelle,s10e1,Bara Brith Teulu Ni (Our Family's Bara Brith),6,Tŷ Tylwyth Teg (Fairy House Cake),Star Baker
10,1,Phil,s10e1,Spiced Fruit Cake with Rum Glaze,8,Retro Rocket Cake,Safe
10,1,Amelia,s10e1,Christmas Cake,4,Carousel Birthday Cake,Safe
10,1,Jamie,s10e1,Easter Simnel Cake,13,Salted Caramel Schnauzer Birthday Cake,At risk
10,1,DanC,s10e1,Jamaican Rum Cake,9,Pirate Island Cake,Eliminated
10,2,DavidA,s10e2,Coco-nutty Chocolate Bars,2,Wedding Spray,Did well
10,2,Alice,s10e2,Honeycomb Peanut Mallow Bars,1,Chocolate and Coconut New Zealand Lamb,Star Baker
10,2,Steph,s10e2,"Chocolate, Caramel Macchiato Biscuit Bars",10,Ginger the Cat,Safe
10,2,Rosie,s10e2,Virgin Mojito Biscuit Bars,5,My Favourite Chicken – A Celebration of Legs,Did well
10,2,Henry,s10e2,"Coffee, Cardamom & Hazelnut Bars",6,Chapel Organ,Safe
10,2,MichaelC,s10e2,Lemon & Rosemary Biscuit Bars,4,Hamish the Highland Cow,Safe
10,2,Priya,s10e2,Ruby Barfi Biscuit Bars,7,The Beast of Rocky Mountain,Safe
10,2,Helena,s10e2,Wicked Witch Fingers,12,Caught in a Spider's Web,Safe
10,2,Michelle,s10e2,Bakewell Bars,8,Dewi y Ddraig Gymraeg – Dewi the Welsh Dragon,Safe
10,2,Phil,s10e2,"Orange, Cranberry & White Chocolate Fudge Bars",3,Tina the Tortoise,Safe
10,2,Amelia,s10e2,"Pistachio, Almond & Raisin Nougat Biscuit Bars",9,Swimming with Dolphins,At risk
10,2,Jamie,s10e2,Cherry Caramel Shortbread Biscuit Bars,11,Biscuit Guitar,Eliminated
10,3,DavidA,s10e3,Cinnamon Swirl Tear & Share,2,Trio of African Masks,Safe
10,3,Alice,s10e3,Baklava Tear & Share,7,Global Bread,At risk
10,3,Steph,s10e3,Sun-Dried Tomato and Pesto Star Tear & Share,3,Hand-Tied Bouquet of Flowers,Did well
10,3,Rosie,s10e3,Chilli and Manchego Tear & Share,9,Bread Safari,Safe
10,3,Henry,s10e3,Chicken and Pesto Tear & Share,1,Herb Garden,At risk
10,3,MichaelC,s10e3,Keralan Star Bread Tear & Share,6,Mediterranean Camp Fire,Star Baker
10,3,Priya,s10e3,Smokey Jalapeño Tear & Share,4,Bird Boules,Safe
10,3,Helena,s10e3,Frosted Cinnamon and Pecan Tear & Share,8,Every Bread is Halloween,Safe
10,3,Michelle,s10e3,Noson Caws (Cheese Night) Tear & Share,5,Gardd Ni (Our Garden),Safe
10,3,Phil,s10e3,Pancetta and Cheese Focaccia Tear & Share,10,Winner's Wreath,Safe
10,3,Amelia,s10e3,Chorizo Brunch Tear & Share,11,Caterpillar Transformation,Eliminated
10,4,DavidA,s10e4,A Kick of Limoncello Cake,2,Flavours of India Mishti,Did well
10,4,Alice,s10e4,Leafy Yoghurt Cake,8,Afternoon Tea,Safe
10,4,Steph,s10e4,Answer to Everything Cake,1,Pink and Pretty Mishti,Star Baker
10,4,Rosie,s10e4,A Good Dose of Limoncello Cake,4,Cocktails & Canapés Mishti,Safe
10,4,Henry,s10e4,Ode to a German Breakfast Cake,3,Seaside Mishti,Safe
10,4,MichaelC,s10e4,Cheesecake Surprise,7,Flag of India Mishti,At risk
10,4,Priya,s10e4,Choc-chip Banana Cake,10,Flavours of My Childhood Mishti,At risk
10,4,Helena,s10e4,Ghost Cake,9,Ye Olde English Sweet Shoppe Mishti,Safe
10,4,Michelle,s10e4,Homely Rhubarb Cake,5,Home Comforts Mishti,Safe
10,4,Phil,s10e4,Trucking Lovely Rose Cake,6,A Corner of My Garden Mishti,Eliminated
10,5,DavidA,s10e5,Fancy Custards,9,Amaretto Sour Cake,Did well
10,5,Alice,s10e5,Chocolate & Orange Custard Pies,6,Piña Colada Cake,Safe
10,5,Steph,s10e5,Zesty Citrus Custard Pies,4,Sour Lime Piña Colada Cake,Star Baker
10,5,Rosie,s10e5,Little Blackberry Pies,5,White Russian Cake,At risk
10,5,Henry,s10e5,1920s Pies,3,White Russian Cake,Did well
10,5,MichaelC,s10e5,"Mango, Lime & Ginger Pies",8,Brambling Cake,Safe
10,5,Priya,s10e5,Lemon & Raspberry Ripple Pies,2,Meena Colada Cake,At risk
10,5,Helena,s10e5,Lemon and Lavender Pies,1,Vampire's Kiss Raspberry Vodka Cake,Eliminated
10,5,Michelle,s10e5,Blueberry & White Chocolate Crème Brûlée Pies,7,My Little Sister the Dancing Queen's Piña Colada Cake,Eliminated
10,6,DavidA,s10e6,Spiced Meringue Surprise,2,Delightful Bombe,Safe
10,6,Alice,s10e6,Black Forest Meringue,1,Tiramisu Bombe,Did well
10,6,Steph,s10e6,Eton Mess,3,Mirror Bombe,Star Baker
10,6,Rosie,s10e6,Layers of Lime and Raspberry,5,Ruby Bombe,At risk
10,6,Henry,s10e6,Towering Meringue Cake,4,Bonfire Bombe,At risk
10,6,MichaelC,s10e6,Dark Chocolate Meringue Cake,6,Black Forest Bombe,At risk
10,6,Priya,s10e6,Family Favourite,7,Summer Fruit Bombe,Eliminated
10,7,DavidA,s10e7,Kozunak Plaits,2,Sarawak Style Layer Cake Sculpture,Did well
10,7,Alice,s10e7,"Lemon, Blueberry & Almond Hot Cross Buns",6,"Chocolate, Orange and Salted Caramel Kaleidoscope Sarawak Style Layered Cake",Safe
10,7,Steph,s10e7,Zest and Spice Hot Cross Buns,4,Orange and Chai Spiced Revitalise Cake,Did well
10,7,Rosie,s10e7,Mardi Gras Finnish Semlor Peacock Festival Buns,1,Rainbow Sarawak Style Layer Cake,At risk
10,7,Henry,s10e7,Chocolate Kardemummabullar,3,Elegant Present Box,Star Baker
10,7,MichaelC,s10e7,Figgy Pudding Hot Cross Buns,5,Jamaican Mule Sarawak Style Layer Cake,Eliminated
10,8,DavidA,s10e8,Caramelly Carroty Tarte Tatin,1,Whitby Fish Pie,Did well
10,8,Alice,s10e8,"Leek, Apple & Goat's Cheese Tarte Tatin",3,Apple Tree House Pie,Safe
10,8,Steph,s10e8,Caramelised Onion & Goat's Cheese Tarte Tatin,4,Curried Chickpea & Potato Carousel Pie,Star Baker
10,8,Rosie,s10e8,"Shallot, Aubergine & Goat's Cheese Spiced Tarte Tatin",2,Rapunzel's Tower,At risk
10,8,Henry,s10e8,"Crab, Tomato & New Potato Tarte Tatin",5,Chandelier Picnic Pie,Eliminated
10,9,DavidA,s10e9,Aperitif Domed Tarts,2,Greenhouse Growing Moss,At risk
10,9,Alice,s10e9,"Mocha, Hazelnut & Orange Domed Tarts",4,Save Our Oceans,Star Baker
10,9,Steph,s10e9,"Raspberry, Lemon & White Chocolate Domed Tarts",3,A Night at the Opera,Did well
10,9,Rosie,s10e9,"Lemon, Raspberry & Mint Domed Tarts",1,Time with Family,Eliminated
10,10,DavidA,s10e10,"Chocolate, Armagnac and Prune Cake",1,Peachy Pic-Nik,Winner
10,10,Alice,s10e10,"Chocolate, Pear, Ginger and Maple Cake",2,End of the School Year Celebration Picnic,Runner-up
10,10,Steph,s10e10,Black Forest Chocolate Cake,3,Picnic in the Park,Runner-up
11,1,PeterS,s11e1,Gluten-Free Chocolate & Orange Battenberg Cake,2,In honour of Sir Chris,Star Baker
11,1,Dave,s11e1,Chocolate Espresso Martini Battenberg Cake,9,Three Flavours of Tom DeLonge,Safe
11,1,Laura,s11e1,Celebration of Summer' Battenberg Cake,6,Lemon & Elderflower Freddie,Safe
11,1,Hermine,s11e1,Chocolate & Orange Battenberg Cake,5,Ode to Lupita,Did well
11,1,Marc,s11e1,Bittersweet Battenberg Cake,11,Chocolate & Vanilla Ziggy,At risk
11,1,Lottie,s11e1,Rhubarb and Custard Battenberg Cake,4,Coconut & Lime Louis Theroux,Safe
11,1,MarkL,s11e1,Turkish Bazaar Inspired Battenberg Cake,7,Origin-ger of the Species' by Charles Darwin,Safe
11,1,Linda,s11e1,Ambulance Battenberg Cake,12,Lemon & Orange Bob Marley,At risk
11,1,Sura,s11e1,Lemon & Orange Battenberg Cake,1,Ode to Attenborough,Did well
11,1,RowanW,s11e1,The Magic Flute' Battenberg Cake,3,Let Them Eat Cake' – A Tribute To Marie Antoinette,Safe
11,1,Mak,s11e1,East India Battenberg Cake,8,Tribute to Bill Bryson,Safe
11,1,Loriea,s11e1,Hot Summer's Day Treats' Battenberg Cake,10,Flavours of Jamaica' – A Tribute to Miss Lou,Eliminated
11,2,PeterS,s11e2,Sticky Toffee Florentines,10,Biscuit Burns Supper,Safe
11,2,Dave,s11e2,Feathered Chocolate Mango Florentines,1,Waiting for Tacos',Star Baker
11,2,Laura,s11e2,Salted Caramel Florentines,7,Celebration Afternoon Tea,Safe
11,2,Hermine,s11e2,Mango and Coconut Florentines,5,Sakura Tea Set,Safe
11,2,Marc,s11e2,"Ginger, Cherry and Pistachio Florentines",9,Morning Coffee 'n' Toast,Did well
11,2,Lottie,s11e2,Quarantine Florentines,8,Viking Victuals,Safe
11,2,MarkL,s11e2,Mango Lassi Florentines,2,Ethiopian Coffee Ceremony,Did well
11,2,Linda,s11e2,Flower Topped Florentines,4,High Tea in Amsterdam',Safe
11,2,Sura,s11e2,Sohan Florentines,6,Speculaas Ramadan Tea Time,Safe
11,2,RowanW,s11e2,Waistcoat Florentines,11,Worse Things Happen At Sea',At risk
11,2,Mak,s11e2,Mango and Cumin Florentines,3,Indian Chai Service,Eliminated
11,3,PeterS,s11e3,Black Pudding & Ginger Beer Soda Bread,4,Edinburgh Cityscape Bread Plaque,At risk
11,3,Dave,s11e3,Chilli Chocolate & Cheesy Bacon Soda Bread,9,Grateful For My Home and Little Family',At risk
11,3,Laura,s11e3,Nana Peg's Nicely Spiced and Cherrylicious Soda Bread,6,Showstopping Musical Theatre Inspired Bread,Safe
11,3,Hermine,s11e3,My Favourite Flavours Soda Bread,7,A Journey Back to France,Safe
11,3,Marc,s11e3,Cornish Soda Breads,2,The Dharma Wheel Bread Sheaf,Star Baker
11,3,Lottie,s11e3,Blueberry Breakfast & Summertime Soda Bread,5,My House In Bread,Safe
11,3,MarkL,s11e3,Sausage & Stout Soda Bread,3,Orchard County Bread with Sweet Apple and Savoury Wild Garlic,Safe
11,3,Linda,s11e3,Cyflym Bara Soda Bread,1,Fruits of our Labour' Black Olive Bread & Tiger Bread,Safe
11,3,Sura,s11e3,Middle Eastern Inspired Soda Bread,8,Mama's Tomato Vine Harvest Loaf,Did well
11,3,RowanW,s11e3,Flavours of Italy,10,Worcestershire Pear Tree,Eliminated
11,4,PeterS,s11e4,Upside Down Brownies,4,Graduation Cake,Did well
11,4,Dave,s11e4,Honeycomb Explosion Brownies,8,Strawberry Splash White Chocolate Fraisier Cake,Safe
11,4,Laura,s11e4,Salted Caramel Brownie S'mores,2,Chocolate Heaven Cake,Safe
11,4,Hermine,s11e4,"Raspberry, White Chocolate & Pistachio Brownies",5,Lemon & White Chocolate Cake,Safe
11,4,Marc,s11e4,Praline Brownies,6,White Chocolate & Raspberry Buttercream Celebration Cake,Safe
11,4,Lottie,s11e4,Have Your Cake and Eat It' Brownies,9,Nana and Papa's Sapphire Anniversary Cake,At risk
11,4,MarkL,s11e4,Gimmie S'mores' Brownies,3,A Bake Off Birthday',Star Baker
11,4,Linda,s11e4,Treats of Christmas Past',1,English Rose Cake,Safe
11,4,Sura,s11e4,Double Chocolate Marshmallow Brownies,7,Strawberry & White Chocolate Celebration Cake,Eliminated
11,5,PeterS,s11e5,Kedgeree Pasties,1,Blackberry & Lemon Tart,Did well
11,5,Dave,s11e5,Thai Basil Chicken Pasties,5,"Chocolate, Mango and Lime Tart",Did well
11,5,Laura,s11e5,Proper Tasty Pasties,6,Kent Garden Tart,Star Baker
11,5,Hermine,s11e5,Moroccan Tagine Pasties,2,Lime Confit and Lemon Meringue Tart,Did well
11,5,Marc,s11e5,Cornish Fish Pasties,7,Posh Apple & Blackberry Pie,At risk
11,5,Lottie,s11e5,Toad-In-The-Hole-Less Pasties,4,Apple Tree Tart,Safe
11,5,MarkL,s11e5,Aloo Gobi Pasties,3,Mes-SAGE in a Bottle,At risk
11,5,Linda,s11e5,Spicy Indian Pasties,8,Gypsy tart,Eliminated
11,6,PeterS,s11e6,Lamb Steamed Buns,1,Dizzy the Shuttlecock,Safe
11,6,Dave,s11e6,Chicken Shaped Katsu Curry Buns,3,Matcha Shiba Inu Cake,Did well
11,6,Laura,s11e6,Piggy Pork Belly Buns,7,Upside Down Pineapple Cake,At risk
11,6,Hermine,s11e6,Chicken Nikuman Panda Buns,4,Strawberry Cherry Blossom Cake,At risk
11,6,Marc,s11e6,Hmmmm Dhal' Steamed Buns,6,Hamish the Dog Cake,Did well
11,6,Lottie,s11e6,Cheeseburger Steamed Buns,2,Into the Japanese Woods,Star Baker
11,6,MarkL,s11e6,Burger Buns,5,Avo Baby',Eliminated
11,7,PeterS,s11e7,Thai Curry & Salmon Quiches,2,Christmas Cake Surprise',Safe
11,7,Dave,s11e7,Novel Quiches,6,Tiramisu',Safe
11,7,Laura,s11e7,Pea & Pizza Quiches,4,Death by Chocolate',At risk
11,7,Hermine,s11e7,Classic Quiches,1,Holiday Ice Cream Cake,Star Baker
11,7,Marc,s11e7,Cornish Quiches,3,Retro Ice Cream Parlour,Did well
11,7,Lottie,s11e7,English Breakfast & Summer Salad Quiches,5,80's Mix Tape',Eliminated
11,8,PeterS,s11e8,Lime & Ginger Cheesecakes,4,Snow Globe Jelly Cake,At risk
11,8,Dave,s11e8,Celebration of Citrus' Cheesecakes,5,Newquay Beach Scene,Safe
11,8,Laura,s11e8,Passion Fruit Cheesecakes,1,Flower Power' Koi Jelly Art Cake,Did well
11,8,Hermine,s11e8,Passion Fruit Cheesecakes,3,Chocolate and Raspberry Mousse Jelly Cake,Star Baker
11,8,Marc,s11e8,New York Style Vanilla & Mascarpone Cheesecakes,2,Apple Jelly with Chocolate and Strawberry Mousse,Eliminated
11,9,PeterS,s11e9,Strawberry & Elderflower Babas,1,"Chocolate, Raspberry & Pistachio Cube Cakes",Star Baker
11,9,Dave,s11e9,"Honey Tequila, Passion Fruit & Mango Savarins",3,Celebration of Chocolate Cube Cake,Did well
11,9,Laura,s11e9,"Poached Pineapple, Kiwi and Passion Fruit Rum Babas",4,Black Forest Cube Cakes,At risk
11,9,Hermine,s11e9,Creme ét Abricot Baba au Rhum,2,The Best of Hermine' Cube Cakes,Eliminated
11,10,PeterS,s11e10,Cranachan Custard Slice,2,Bonkers Bake Off Bubble Cake,Winner
11,10,Dave,s11e10,Caramel Latte' Custard Slice,1,Tower to Redemption,Runner-up
11,10,Laura,s11e10,Yuzu Custard Slice,3,Rainbow Dessert Tower,Runner-up
12,1,Giuseppe,s12e1,Easter Mini Rolls,10,Jack and the Beanstalk',Did well
12,1,Chigs,s12e1,Strawberries & Cream Mini Rolls,11,Where it All Began',Safe
12,1,Crystelle,s12e1,Chai and Chai Again' Mini Rolls,8,Bouq-cake of Flowers',Did well
12,1,Jürgen,s12e1,Schwarzwald' Mini Rolls,6,Night Time Reading',Star Baker
12,1,Lizzie,s12e1,Zoo' Mini Rolls,4,Nana's Peaches & Cream',Safe
12,1,George,s12e1,Chocolate & Hazelnut Mini Rolls,3,Greek Table,At risk
12,1,Amanda,s12e1,Cherry Soldier' Mini Rolls,12,Elderflower & Lemon Surf Explosion,At risk
12,1,Freya,s12e1,Vegan Lemon & Raspberry Mini Rolls,2,Flower Potty',Safe
12,1,Maggie,s12e1,Knit & Natter' Mini Rolls,1,Ice-cream Cornet,Safe
12,1,Rochica,s12e1,Colin' Rolls,7,Apple Cake,Safe
12,1,Jairzeno,s12e1,Lime & Passionfruit Mini Rolls,9,Kick the Can' Cake,At risk
12,1,TomF,s12e1,Black Forest Mini Rolls,5,Classically Spectacular Showstopper,Eliminated
12,2,Giuseppe,s12e2,Gianduja Snaps,2,Reversi Board Game,Did well
12,2,Chigs,s12e2,Espresso Martini' Brandy Snaps,7,Snooker Table,Did well
12,2,Crystelle,s12e2,Apple of My P-eye' Brandy Snaps,10,Vanity Playset,Safe
12,2,Jürgen,s12e2,A Cup of Chai' Brandy Snaps,1,Grandpa's Windmill,Star Baker
12,2,Lizzie,s12e2,Fast-Food Apple Pie Brandy Snaps,6,Paint a Truck,Safe
12,2,George,s12e2,Cypriot Brandy Snaps,8,Paul and Prue Airlines,Did well
12,2,Amanda,s12e2,Open Sesame' Brandy Snaps,4,Carousel Rocking Horse,At risk
12,2,Freya,s12e2,Brandy Snapuccinos',3,Winnie,Safe
12,2,Maggie,s12e2,Blackcurrant Brandy Snaps,5,Beach Playset,At risk
12,2,Rochica,s12e2,Coffee Brandy Snaps,11,Gingerbread Pinball Game,Safe
12,2,Jairzeno,s12e2,"Chocolate, Passion Fruit & Pineapple Brandy Snaps",9,Tall Ship,Eliminated
12,3,Giuseppe,s12e3,Breakfast in Gaeta' Focaccia,1,Your Five-a-Day',Star Baker
12,3,Chigs,s12e3,Spanish Cheesy Meaty Focaccia,6,Honey Milk Bread Picnic Basket,Safe
12,3,Crystelle,s12e3,Feta & Grape Focaccia with Fennel & Walnut,9,Bready' for Sunday Roast,Safe
12,3,Jürgen,s12e3,Kipper-caccia' Focaccia,5,The Baby',Safe
12,3,Lizzie,s12e3,Final Furlong' Focaccia,2,Pig Banquet,Did well
12,3,George,s12e3,Greek Inspired Focaccia,7,The Very Hungry Koala',Safe
12,3,Amanda,s12e3,Chasing Grainbows' Focaccia,3,I Just FISH We Had More',Safe
12,3,Freya,s12e3,Mexican Fajita Focaccia,4,Under the Sea' Milk Bread Display,Did well
12,3,Maggie,s12e3,Classic Focaccia,8,Things You'd Find in a Rock Pool',At risk
12,3,Rochica,s12e3,"Roast Garlic Focaccia with Tomato, Feta & Pesto",10,Birdcage,Eliminated
12,4,Giuseppe,s12e4,Every Day at the Beach' Pavlova,4,Red Fruit & Pistachio Imprime Dessert,Did well
12,4,Chigs,s12e4,Tropical Pavlova,3,Black Forest Imprime Dessert,Star Baker
12,4,Crystelle,s12e4,Kiwi Lime Pie' Pam-lova,5,"Una Piña Colada, Por Favor'",Safe
12,4,Jürgen,s12e4,Passover Pavlova',1,Passtyme with Good Companye',Did well
12,4,Lizzie,s12e4,Easter Pavlova,2,Liverpool Skyline Imprime Dessert,Safe
12,4,George,s12e4,Lemon Curd & Biscuit Cream Pavlova,7,Peanut Butter & Chocolate Imprime Dessert,Safe
12,4,Amanda,s12e4,Chocolate Pav-Love',8,Adam's Temptation' Imprime Dessert,At risk
12,4,Freya,s12e4,Peach Melba Vegan Pavlova,6,Chocolate & Orange Imprime Dessert,At risk
12,4,Maggie,s12e4,Traditional Pavlova,9,Strawberry Imprime Dessert,Eliminated
12,5,Giuseppe,s12e5,Bethmännchen and Italian Linzer Augen,1,Amarena Cherry Cake,Star Baker
12,5,Chigs,s12e5,Marzipan Hausfreunde & Mandelhörnchen,2,Lemon & Mixed Peel Cake,Safe
12,5,Crystelle,s12e5,Chocolate Engelsaugen & Pistachio Heidesand,7,Bavarian Brioche,Safe
12,5,Jürgen,s12e5,Tee-Sterne & Milchkaffee-Gipfele,4,Beer Soaked Cake,Did well
12,5,Lizzie,s12e5,Mandelhörnchen & Spitzbuben,3,Bavarian Fairy Tale,Safe
12,5,George,s12e5,Cherry Marzipan Biscuits & Anisseed Spingerle,6,Chocolate & Tahini Anniversary Cake,At risk
12,5,Amanda,s12e5,Spritzgebäck & Glühweinplätzchen,8,Rum. Plum & Raisin Cake,Safe
12,5,Freya,s12e5,Lebkuchen & Zimtsterne,5,Upside-Down Cake,Eliminated
12,6,Giuseppe,s12e6,Bellissima Chouxnuts,4,Laura's Terrine Pie',Did well
12,6,Chigs,s12e6,Oo La La Chouxnuts',3,Leicester Pork Pie',Safe
12,6,Crystelle,s12e6,Mango Maracujá & Miso Caramel Chouxnuts,2,Lily Nana's Pickle Cottage',Star Baker
12,6,Jürgen,s12e6,Exotic Flavour & 70's Colour',1,Lunch in Freiburg',Safe
12,6,Lizzie,s12e6,Caramel & Floral Chouxnuts,7,Neptune Pie',Safe
12,6,George,s12e6,Classic Chouxnuts,6,Christmas Dinner',At risk
12,6,Amanda,s12e6,Sweet & Savoury Chouxnuts,5,Fancy Terrine Pie',Eliminated
12,7,Giuseppe,s12e7,Apricot & Hazelnut Caramel Tart,1,Salted Caramel & Praline Dessert,Did well
12,7,Chigs,s12e7,"Chocolate, Coconut & Ginger Caramel Tart",3,Caramel Mistake',Did well
12,7,Crystelle,s12e7,"Apple, Pecan & Miso Caramel Tart",4,Grandad Greg's Cactus Garden',Did well
12,7,Jürgen,s12e7,Triple Nut Caramel Delight,2,Caramel Contrasts',Star Baker
12,7,Lizzie,s12e7,My Tart Will Go On',5,Roses Really Smell Like Caramel',At risk
12,7,George,s12e7,Caramel Custard & Banana Tart,6,Salted Caramel Almond & Hazelnut Dacquoise,Eliminated
12,8,Giuseppe,s12e8,Ginger & Orange Ice Cream Sandwich,2,Gluten-free Black Forest Cake,Safe
12,8,Chigs,s12e8,Mum's Tropical Delight,1,Gluten-free Red Velvet Cake,Star Baker
12,8,Crystelle,s12e8,Tahini & Miso Coffee Ice Cream Sandwiches,5,My Nana's Cascading Dress' Gluten-free Cake,At risk
12,8,Jürgen,s12e8,Meet My Favourites',4,Ultimate Gluten-free Birthday Cake,Did well
12,8,Lizzie,s12e8,Best Thing About Walks,3,Gluten-free ‘Extraordinary' Cake,Eliminated
12,9,Giuseppe,s12e9,Tiramisu Slices,2,Leaning Tower of Pisa',At risk
12,9,Chigs,s12e9,Raspberry & Chocolate Slices,4,The Apple Doesn't Fall Far from the Tree',Did well
12,9,Crystelle,s12e9,"Yuzu, Coconut & Black Sesame Slices",3,Tropical Wedding' Entremets,Star Baker
12,9,Jürgen,s12e9,Murder at the Opera,1,Torii Gate in the Sea',Eliminated
12,10,Giuseppe,s12e10,Torta Camilla',3,What Is the Hatter with Me',Winner
12,10,Chigs,s12e10,Take Two',2,Party Treats,Runner-up
12,10,Crystelle,s12e10,"Pistachio, Cardamom & Orange Carrot Cake",1,Crazy Tea Party,Runner-up
13,1,Syabira,s13e1,"Coconut, Pandan & Caramel Mousse Cake",1,Happiest Childhood Memory',Did well
13,1,Abdul,s13e1,Cake-y Cacti',6,Summer In Pakistan',Safe
13,1,Sandro,s13e1,A Bitesize of Love',2,Best Time Ever' Cake,Did well
13,1,Janusz,s13e1,Pistachio & Cherry Vodka Liquor Wuzetka,7,Home Is Where The Flowers Grow',Star Baker
13,1,Maxy,s13e1,Mango Magic Mess',10,At My Mama's',Safe
13,1,Kevin,s13e1,Mini Persian Love Cakes,4,Ba-Na-Na That's My Hame',Safe
13,1,Dawn,s13e1,"Lime, Coconut & Tamarind Spring Cakes",3,Nan's House',Safe
13,1,Carole,s13e1,To Bee or not to Bee',8,Little House In The Country',Safe
13,1,JamesD,s13e1,Sticky Toffee Apple Candles,12,Last House On The Loch',Safe
13,1,Rebs,s13e1,Hazelnut Mocha Latte Mini Cakes,11,Piña Colada Cottage',At risk
13,1,Maisam,s13e1,Pistachio Cakes with Raspberry Buttercream,5,My Childhood Home',At risk
13,1,Will,s13e1,Ginger & Caramel Squares,9,First London Family Home',Eliminated
13,2,Syabira,s13e2,Satay Macarons,10,"Two Face, One Soul'",Did well
13,2,Abdul,s13e2,Fudgetastic Maca-Cones',11,Parro-Tastic Biscuits',Safe
13,2,Sandro,s13e2,Cheat Day Treat',3,Carnival Costume,Safe
13,2,Janusz,s13e2,Miniature Melons,6,Cubist Mask,Safe
13,2,Maxy,s13e2,Baby Daisies,5,Masquerade,Star Baker
13,2,Kevin,s13e2,Mint Choc Trip,8,Mythical Mask,Safe
13,2,Dawn,s13e2,Toy Shop Yarns',9,Baroque-Punk Mask',Safe
13,2,Carole,s13e2,Just A Mouthful',4,Macaron Masquerade',At risk
13,2,JamesD,s13e2,Raccarons',2,Menacing Mask,Did well
13,2,Rebs,s13e2,Wee Branstons',1,Floral Fascinator,At risk
13,2,Maisam,s13e2,Cute Carrots,7,Venetian Mask,Eliminated
13,3,Syabira,s13e3,Malaysian Prawn Sambal Pizza,5,Nasi Lemak Smörgåstårta,Did well
13,3,Sandro,s13e3,Sweet & Spicy Pizza,4,Ultimate' Smörgåstårta,Did well
13,3,Janusz,s13e3,Full English Breakfast Pizza,1,Fish and Chip Shop' Smörgåstårta,Star Baker
13,3,Maxy,s13e3,Sweet Rosemary Lamb Pizza,2,The Curvy Seafood' Smörgåstårta,Safe
13,3,Kevin,s13e3,Now Bring Us Some Figgy Pizza',7,I've started so I'll fin-ish' Smörgåstårta,At risk
13,3,Dawn,s13e3,Tex-Mex Pizza,6,Chicken Souvlaki Smörgåstårta,At risk
13,3,Carole,s13e3,Pizza Exceptional',8,Something Fishy' Smörgåstårta,At risk
13,3,JamesD,s13e3,"It Does Belong!' Ham, Mushroom & Pineapple Pizza",3,The Most Pandastic' Smörgåstårta,Safe
13,4,Syabira,s13e4,Corn on the Cob Conchas,2,Sweetcorn & Cinnamon Tres Leches Cake,Safe
13,4,Abdul,s13e4,Coconut & Raspberry Besos,6,Day of the Dead' Tres Leches Cake,Safe
13,4,Sandro,s13e4,Filled Concha Buns,3,It's a Fiesta' Tres Leches Cake,Did well
13,4,Janusz,s13e4,Cactus Conchas,7,Fruity Horchata' Tres Leches Cake,Did well
13,4,Maxy,s13e4,Bella Naranja' Conchas,1,Cocoa Flower Fiesta' Tres Leches Cake,Star Baker
13,4,Kevin,s13e4,Sweet Breads are Made of These' Borrachitos,4,Meci-Cocoa Pyramid' Tres Leches Cake,Safe
13,4,Dawn,s13e4,Dark Chocolate & Chilli Kick' Conchas,5,Blooming' Tres Leches Cake,Did well
13,4,Carole,s13e4,Orange & Anise Seed Pan Dulce,10,Pastel De Chocolate Mexicano' Tres Leches Cake,At risk
13,4,JamesD,s13e4,Coffee Caramel Oyster' Conchas,8,Chocolate & Lime 'Many Leches' Cake,Eliminated
13,4,Rebs,s13e4,Lemon Conchas,9,Mexican Tiramisu' Tres Leches Cake,Eliminated
13,5,Syabira,s13e5,Watermelon Steamed Puddings,8,Bee Positive',At risk
13,5,Abdul,s13e5,Fig & Date Puddings,2,‘A Little Galaxy Mousse Dessert’,Safe
13,5,Sandro,s13e5,Apple & Cherry Crumble Puddings,4,It's a Mousse World',Star Baker
13,5,Janusz,s13e5,Piña Colada Puddings,1,‘Cake within a Cake Surprise',Did well
13,5,Maxy,s13e5,Sticky Toffee Puddings,3,Sunset Surprise',Safe
13,5,Kevin,s13e5,Clootie Dumplings,5,What The Dog Dug',Safe
13,5,Dawn,s13e5,Traditional' Steamed Puddings,7,Woodland',At risk
13,5,Carole,s13e5,My Little Beauties',6,Strawberry Fields',Eliminated
13,6,Syabira,s13e6,Witch Apple',1,Itsy Bitsy Spider',Star Baker
13,6,Abdul,s13e6,Bonfire Cake,7,Witch's Lantern,Safe
13,6,Sandro,s13e6,Creepy Apple Crumble Cake,4,Dead Disco Ball',Safe
13,6,Janusz,s13e6,Mum's Apple Cake',2,Halloween Horror Movie Popcorn',Safe
13,6,Maxy,s13e6,Classic Apple & Walnut Cake,6,"""Spoooooky'",Safe
13,6,Kevin,s13e6,"""Apple-Bobbing'",3,Arachna-FOMO',At risk
13,6,Dawn,s13e6,Ukrainian Sharlotka',5,A Cat In A Fancy Hat',Eliminated
13,7,Syabira,s13e7,Mojito Floating Islands,6,‘Piña Coladas Anyone?’,Star Baker
13,7,Abdul,s13e7,"Cherry, Orange & Pistachio Floating Islands",4,Peach & Raspberry Mille-feuille,Safe
13,7,Sandro,s13e7,"Cherry, Almond & Hazelnut Floating Island",1,‘Tribute to a Friend’,Did well
13,7,Janusz,s13e7,Morning Vanilla Latte Floating Islands,5,‘Neapolitan’,At risk
13,7,Maxy,s13e7,Blueberry Lagoon Floating Islands,2,‘The Promised Land’,Safe
13,7,Kevin,s13e7,Everything Coming Up Roses Floating Islands,3,‘My Honey Valentine’,Eliminated
13,8,Syabira,s13e8,Citrus Dreams' Vol-au-vents,4,Jack & the Beanstalk',Star Baker
13,8,Abdul,s13e8,Coconut & Berry Vol-au-vents,3,Adventures of a Pie-rate',Did well
13,8,Sandro,s13e8,Key-Lime' Vol-au-vents,1,Caterpillar Pie Scene,At risk
13,8,Janusz,s13e8,Strawberries & Cream' Vol-au-vents,2,The Very Hungry Sausage Dog',Safe
13,8,Maxy,s13e8,Summertime Fine' Vol-au-vents,5,Spicy Twinkling Stars',Eliminated
13,9,Syabira,s13e9,Peanut & Berries' Mini Charlottes,1,The DNA in You',Did well
13,9,Abdul,s13e9,Pistachio Tiramisu' Mini Charlottes,2,To the Stars',Star Baker
13,9,Sandro,s13e9,Caramel Nutty' Mini Charlottes,4,Where it Started and How it's Going',At risk
13,9,Janusz,s13e9,Plums in Chocolate' Mini Charlottes,3,Brighton Pride',Eliminated
13,10,Syabira,s13e10,Summer Picnic,2,This is My Home',Winner
13,10,Abdul,s13e10,Summer Picnic,1,It's All About The Bees',Runner-up
13,10,Sandro,s13e10,Summer Picnic,3,The World From Different Angles',Runner-up
14,1,Matty,s14e1,Tiramisu Vertical Layer Cake,7,Marty the Cocker Spaniel Cake,Safe
14,1,DanH,s14e1,Rhubarb & Custard Vertical Layer Cake,1,Bruno Cake,Star Baker
14,1,Josh,s14e1,Tropical Vertical Layer Cake,8,Mums Highland Cow Cake,Safe
14,1,Tasha,s14e1,Black Sesame & Yuzu Vertical Layer Cake,11,Robin Cake,Safe
14,1,Cristy,s14e1,Lemon Meringue Vertical Layer Cake,6,Raspberry Ripple Duck Cake,Did well
14,1,Saku,s14e1,Chaminda's Favorite Vertical Layer Cake,5,Tikiri the Turtle Cake,Safe
14,1,Dana,s14e1,Salted Caramel Latte Vertical Layer Cake,12,My Amazing Gracie Cake,At risk
14,1,Nicky,s14e1,St Clements Vertical Layer Cake,10,Always Beavering Around Cake,At risk
14,1,RowanC,s14e1,Chocolate & Raspberry Vertical Layer Cake,9,Cosmopolitan Lobster Cake,Safe
14,1,Abbi,s14e1,"Foraged Poppy Seed, Lemon, & Blackcurrant Vertical Layer Cake",3,Herbert the Herdwick Cake,Did well
14,1,KeithB,s14e1,Dad's Chocolate Orange Vertical Layer Cake,4,Maisie Cake,Safe
14,1,Amos,s14e1,Blood Orange & Dark Chocolate Vertical Layer Cake,2,Orca on a Wave Cake,Eliminated
14,2,Matty,s14e2,Half-Time Marshmallow Biscuits,5,Cheeseboard Illusion Biscuits,Safe
14,2,DanH,s14e2,Waterwheel Marshmallow Biscuits,2,Cheese & Onion Pie Illusion Biscuits,Safe
14,2,Josh,s14e2,Black Forest Marshmallow Biscuits,6,JJ's Burger & Fries Illusion Biscuits,Did well
14,2,Tasha,s14e2,After-School Treat Marshmallow Biscuits,8,Japanese Katsu & Matcha Illusion Biscuits,Star Baker
14,2,Cristy,s14e2,Nanny Junes Marshmallow Biscuits,9,Family Charcuterie Board Illusion Biscuits,Safe
14,2,Saku,s14e2,Pistachio & Raspberry Marshmallow Biscuits,10,Sri Lankan Breakfast Feast Illusion Biscuits,Safe
14,2,Dana,s14e2,Mallow-Dramatic Marshmallow Biscuits,7,Friday Night Takeaway Illusion Biscuits,Safe
14,2,Nicky,s14e2,Tasty Teatime Treat Marshmallow Biscuits,4,A Home from Home Steak Pie Illusion Biscuits,At risk
14,2,RowanC,s14e2,"Lemon, Rosemary & Violet Marshmallow Biscuits",3,Charcuterie Board Illusion Biscuits,Safe
14,2,Abbi,s14e2,Flavours of Tunisia Marshmallow Biscuits,1,Dim Sum Brunch Illusion Biscuits,Safe
14,2,KeithB,s14e2,Letter from America Marshmallow Biscuits,11,Seaside Meal Deal Illusion Biscuits,Eliminated
14,3,Matty,s14e3,Olive & Tomato Cottage Loaf,7,The Hammers Plaited Centrepiece,Safe
14,3,DanH,s14e3,Wild Garlic Cottage Loaf,10,Stuffed Crust Pizza Plaited Centrepiece,At risk
14,3,Josh,s14e3,Nduja' Pizza Cottage Loaf,4,Tiger Mascot' Plaited Centrepiece,Did well
14,3,Tasha,s14e3,Roast Garlic and Rosemary Malted Cottage Loaf,2,Medusa Plaited Centrepiece,Star Baker
14,3,Cristy,s14e3,"Cranberry, Rosemary & Walnut Cottage Loaf",6,Honey & Chocolate Plaited Centrepiece,Safe
14,3,Saku,s14e3,Cinnamon & Orange Cottage Loaf,1,Peacock on a Branch Plaited Centrepiece,Safe
14,3,Dana,s14e3,Bread-ley Cooper' Cottage Loaf,3,Tea Beside the Sea Plaited Centrepiece,Safe
14,3,Nicky,s14e3,Roast Garlic & Rosemary Cottage Loaf,5,Angus the Highland Cow Plaited Centrepiece,Safe
14,3,RowanC,s14e3,Olive & Tomato Cottage Loaf,9,A Bread Rowan Tree Plaited Centrepiece,At risk
14,3,Abbi,s14e3,Country Kitchen' Cottage Loaf,8,My Favourite Tree Plaited Centrepiece,Eliminated
14,4,Matty,s14e4,Hazelnut & Chocolate Torte,2,Chocolate Box Cake,Star Baker
14,4,DanH,s14e4,Chilli & Chocolate Torte,1,A Treasure Chest of Delight Chocolate Box Cake,Did well
14,4,Josh,s14e4,Raspberry & Chocolate Torte,6,Chemistry Centenary Chocolate Box Cake,Safe
14,4,Tasha,s14e4,"Ginger, Almond and Dark Chocolate Torte",,,Absent
14,4,Cristy,s14e4,Cherry & Chocolate Torte,7,For Love Chocolate Box Cake,At risk
14,4,Saku,s14e4,Chocolate & Raspberry Torte,8,Time for Cricket Chocolate Box Cake,At risk
14,4,Dana,s14e4,I Cherry-ish You Chocolate Torte,5,Once Upon a TimeChocolate Box Cake,Safe
14,4,Nicky,s14e4,Dream Chocolate Torte,4,This is No Ordinary Chocolate Box Cake,Did well
14,4,RowanC,s14e4,Mocha Chocolate Torte,3,Grandpa's Paints Chocolate Box Cake,Safe
14,5,Matty,s14e5,Spanakopità Picnic Pies,7,Ski Trip Decorative Pies,Safe
14,5,DanH,s14e5,Lamb Keema Picnic Pies,1,Journey Around South America Decorative Pies,Safe
14,5,Josh,s14e5,Post-Match Picnic Pies,8,From Flour to Flower Decorative Pies,Did well
14,5,Tasha,s14e5,"Sausage, Apple & Cranberry Picnic Pies",3,Sea or Ski? Decorative Pies,Safe
14,5,Cristy,s14e5,Creamy Mushroom & Leek Picnic Pies,5,Autumnal Lattice Decorative Pies,Star Baker
14,5,Saku,s14e5,Spicy Tuna Picnic Pies,6,Pie Chart Decorative Pies,At risk
14,5,Dana,s14e5,Spud-tacular Picnic Pies,2,The Apple of my Pie Decorative Pies,At risk
14,5,Nicky,s14e5,Pork & Cheese Picnic Pies,9,Gran's Garden Trio Decorative Pies,Eliminated
14,5,RowanC,s14e5,Pork & Sweet Potato Picnic Pies,4,Lattice Fabulous Decorative Pies,Eliminated
14,6,Matty,s14e6,Rum Drunk Spiced Buns,4,Blackberry & Elderflower Floral Dessert,At risk
14,6,DanH,s14e6,Dreaming of Greece Spiced Buns,3,Sunny Meadows Floral Dessert,Safe
14,6,Josh,s14e6,Lemon & Blueberry Spiced Buns,2,"Rhubarb, Raspberry & Hibiscus Floral Dessert",Star Baker
14,6,Tasha,s14e6,Yultide Spiced Buns,7,Elderflower & Hibiscus Floral Dessert,Did well
14,6,Cristy,s14e6,"Maple, Pecan & Cinnamon Spiced Buns",1,"Elderflower, Strawberry & Rhubarb Floral Dessert",Did well
14,6,Saku,s14e6,Swedish Cinnamon Spiced Buns,5,Earl Grey & Hibiscus Floral Dessert,At risk
14,6,Dana,s14e6,Bun in a Million Spiced Buns,6,Stop and Smell the Rosé Floral Dessert,Eliminated
14,7,Matty,s14e7,Chai Créme Caramels,6,English Italian Summer Meringue Bombe,Safe
14,7,DanH,s14e7,Thai Green Curry Crème Caramels,2,Pale Blue Dot Meringue Bombe,Star Baker
14,7,Josh,s14e7,Nan's Favourite Crème Caramels,3,"Game, Set and Match Meringue Bombe",Did well
14,7,Tasha,s14e7,"Fig, Honey and Rosemary Crème Caramels",1,Plum and Ginger Meringue Bombe,Safe
14,7,Cristy,s14e7,Orange Crème Caramels,4,Croquembouche Meringue Bombe,At risk
14,7,Saku,s14e7,Mini Watalappan Crème Caramels,5,Flowers for my Bee Meringue Bombe,Eliminated
14,8,Matty,s14e8,Classic Sausage Roll,3,Sports Buffet,Star Baker
14,8,DanH,s14e8,Dumplings in Disguise Sausage Rolls,5,Prehistoric Party Poopers Buffet,At risk
14,8,Josh,s14e8,Turkey & Cranberry Christmas Sausage Rolls,4,It's Christmas! Buffet,Did well
14,8,Tasha,s14e8,Cider in the Park Sausage Rolls,1,Birthdays on the Farm Buffet,Safe
14,8,Cristy,s14e8,Cranberry & Sage Sausage Rolls,2,Marvellous Sweet Factory Buffet,Eliminated
14,9,Matty,s14e9,Pick Me Up Financiers,2,Taste of Italy Millefoglie,At risk
14,9,DanH,s14e9,Fancy Financiers,3,Hypersonic Millefoglie,Did well
14,9,Josh,s14e9,Perfect Pudding Financiers,1,"Lemon, Blackberry, & Blackcurrant Millefoglie",Star Baker
14,9,Tasha,s14e9,Fancy Fruit & Nut Financiers,4,Mango Mojito Millefoglie,Eliminated
14,10,Matty,s14e10,Black Forest and Banoffee Eclairs,2,Final Celebration Cake,Winner
14,10,DanH,s14e10,He Who Dares Eclairs,2,Lemon Drizzle Memory Lane Cake,Runner-up
14,10,Josh,s14e10,Tropical and Mocha Eclairs,1,A Slice for All Seasons Cake,Runner-up